text,label,is_hebrew,is_ads
"@bitcom_exchange: üì¢ CMO Toya Zhang spoke to @YahooFinance this week on managing the Crypto winter:

üí¨""The future crypto services format‚Ä¶",1,False,False
"My view on the current market mood, next moves &amp; sectors to watch closely with @LedesmaLyllah @CoinDesk @YahooFinance https://t.co/au56XfhgRu",1,False,False
Safety. How about you just show up for work and do your job. https://t.co/K1TLp0traN,1,False,False
"@YahooFinance @t_xiaoduo_zhang üí¨CMO Toya Zhang was also featured in @MarketWatch at #EBC22 

https://t.co/Xbo81NRIRN",1,False,False
"@YahooFinance: Roe v. Wade: Companies must create culture of 'psychological safety,' expert says https://t.co/Rq1VKs8io0 by @alliecanal8‚Ä¶",1,False,False
"@YahooFinance: Roe v. Wade: Companies must create culture of 'psychological safety,' expert says https://t.co/Rq1VKs8io0 by @alliecanal8‚Ä¶",1,False,False
"üì¢ CMO Toya Zhang spoke to @YahooFinance this week on managing the Crypto winter:

üí¨""The future crypto services format will be a combination of #Web2 &amp; #Web3, Exchanges must prioritise a customer focussed and on-chain aggregated service approach""

üì∞ https://t.co/P1MAHXj5WL https://t.co/gb0uOn4ewJ",1,False,False
"@racingsocialnft: ‚ÄºÔ∏è GREAT NEWS ‚ÄºÔ∏è

We have been featured on @YahooFinance 

Our article about the RSC fund caught a lot of attention, w‚Ä¶",1,False,False
"Roe v. Wade: Companies must create culture of 'psychological safety,' expert says https://t.co/Rq1VKs8io0 by @alliecanal8193 https://t.co/IfoPceThhN",1,False,False
@YahooFinance: Nike‚Äôs retail strategy ‚Äòshould result in more full-priced‚Äô products: Analyst https://t.co/HXkKI6zd4Z by @yaseennshah22 ht‚Ä¶,1,False,False
@YahooFinance: Nike‚Äôs retail strategy ‚Äòshould result in more full-priced‚Äô products: Analyst https://t.co/HXkKI6zd4Z by @yaseennshah22 ht‚Ä¶,1,False,False
@YahooFinance: Bentley charts path forward with new Mulliner line and EV future https://t.co/DNxqnxXLuv by @Pras_S https://t.co/7PjnifJT‚Ä¶,1,False,False
Nike‚Äôs retail strategy ‚Äòshould result in more full-priced‚Äô products: Analyst https://t.co/HXkKI6zd4Z by @yaseennshah22 https://t.co/EM6u4sN21q,1,False,False
"@cielo_che_cade @YahooFinance @CoreLogicInc @SelmaHepp Me too.  I was following along and when I got to that at the very I end I was like uuuuh, what..? https://t.co/yNYwT8vcXE",1,False,False
Stanley Cup Final viewership nearly doubles as ESPN hopes to turn new fans into subscribers https://t.co/TVKYlaTweW by @_JoshSchafer https://t.co/Y6U6K3ZS24,1,False,False
"Tesla reportedly lays off 200 in Autopilot unit, shutters San Mateo office https://t.co/GBVUA8JcOq by @Pras_S https://t.co/OkiGFWge8K",1,False,False
"Housing: ‚ÄòWe‚Äôre at a tipping point‚Äô for home prices, economist says https://t.co/3DawlBPs44 by @__gabriellacruz https://t.co/CgVskXKCKd",1,False,False
Over 36 million children may lose food aid this week https://t.co/3EWWOgd0EM by @__gabriellacruz https://t.co/WyOyMIaIIF,1,False,False
"America is slowly forgetting Abercrombie &amp; Fitch, survey shows https://t.co/8A8hR2k9By by @daniromerotv https://t.co/taDGl7ZXHU",1,False,False
America's tech giants have a new responsibility in the post-Roe world https://t.co/SLRaOVUYdu by @DanielHowley https://t.co/9COkA5VJSV,1,False,False
The risky plan to block Russia‚Äôs oil revenue https://t.co/t6t1b7TX8y by @rickjnewman https://t.co/1AmXUmVzTP,1,False,False
Fired Starbucks barista on labor agency move: 'It's exciting to see' https://t.co/E9XknRIo7c by @daniromerotv https://t.co/e6obfIndox,1,False,False
Big food shakeup ‚Äòalready underway‚Äô amid Kellogg's split ‚Äî here's who could be next https://t.co/s2f3WTNeGD by @alliecanal8193 https://t.co/b5mRMkmdMn,1,False,False
"Bed Bath &amp; Beyond is 'in the end days' after 'dumpster fire' quarter, analyst says https://t.co/Q0sgHbr0wA by @BrianSozzi https://t.co/h7cYTrJIkV",1,False,False
Spirit Airlines CEO: JetBlue is being 'childish' with inflammatory rhetoric https://t.co/PAYwQFGj4k by @BrianSozzi https://t.co/kGRr5WhvbF,1,False,False
Bill Ackman urges Fed to 'act decisively to kill inflation' https://t.co/RXfbXbwGRv by @alexandraandnyc https://t.co/droBsuRezn,1,False,False
Bentley charts path forward with new Mulliner line and EV future https://t.co/6nfY0HNV5M by @Pras_S https://t.co/TeQ6rO7olO,1,False,False
New report reveals major source of recent crypto market chaos https://t.co/JqqHb9oT93 by @DsHollers https://t.co/Ugjx2EIIiE,1,False,False
How high can mortgage rates go? Likely higher. https://t.co/mY1eTwTjR0 by @__gabriellacruz https://t.co/PibKxh81ai,1,False,False
"Bitcoin fights to stay above $20,000 as Saylor buys another $10 million https://t.co/fXwgSfWZcz by @dshollers https://t.co/B326Nb7Lyk",1,False,False
Bed Bath &amp; Beyond CEO ousted as sales collapse 27% https://t.co/cIrDYZWhPc by @BrianSozzi https://t.co/QV7V9o5vkq,1,False,False
Spirit Airlines again delays shareholder vote on Frontier deal https://t.co/DdkKFcx0i9 https://t.co/Y1unHNm8RT,1,False,False
Google targeted in fresh EU consumer groups' privacy complaints https://t.co/YAf59B2pfX https://t.co/FxPJhIAOrG,1,False,False
"Investors, consumers are pushing the health care industry to tackle health inequity: Deloitte https://t.co/KmiRzHXfj2 by @AnjKhem https://t.co/74hmdp8YhI",1,False,False
@budfoxfun: $PVSP Pervasip and KRTL International Receive Exclusive Approval to Participate in $40 Million Korean Hemp Regulation Group‚Ä¶,1,False,False
@budfoxfun: $PVSP Pervasip and KRTL International Receive Exclusive Approval to Participate in $40 Million Korean Hemp Regulation Group‚Ä¶,1,False,False
@YahooFinance: Bill Ackman urges Fed to 'act decisively to kill inflation' https://t.co/oJb8124tIz by @alexandraandnyc https://t.co/7C9g‚Ä¶,1,False,False
@budfoxfun: $PVSP Pervasip and KRTL International Receive Exclusive Approval to Participate in $40 Million Korean Hemp Regulation Group‚Ä¶,1,False,False
@budfoxfun: $PVSP News Out: Pervasip and KRTL International Receive Exclusive Approval to Participate in $40 Million Korean Hemp Regulat‚Ä¶,1,False,False
@budfoxfun: $PVSP Pervasip and KRTL International Receive Exclusive Approval to Participate in $40 Million Korean Hemp Regulation Group‚Ä¶,1,False,False
@budfoxfun: $PVSP Pervasip and KRTL International Receive Exclusive Approval to Participate in $40 Million Korean Hemp Regulation Group‚Ä¶,1,False,False
5 Best Dividend Stocks to Buy Now https://t.co/1HYCNlWOG8 ‰æÜËá™ @YahooFinance,1,False,False
Stanley Cup Final viewership nearly doubles as ESPN hopes to turn new fans into subscribers https://t.co/ThlMUAGrm0 by @_JoshSchafer https://t.co/QUWvRzXCdK,1,False,False
"@YahooFinance: ‚ÄúInflation is a very serious subject,‚Äù Berkshire Hathaway Vice Chairman &amp; Daily Journal Chairman Charlie Munger says. ‚ÄúYo‚Ä¶",1,False,False
"@YahooFinance: Housing: ‚ÄòWe‚Äôre at a tipping point‚Äô for home prices, economist says https://t.co/Ytx31JsVVn by @__gabriellacruz https://t‚Ä¶",1,False,False
Bernanke says he never expected rates to be at zero for so long https://t.co/kiipw5j0C1 via @YahooFinance,1,False,False
@EMarineBoard: Article @YahooFinance on '#European #fisheries view #globalwarming as main danger to fishing industry' presents main find‚Ä¶,1,False,False
Jeremy Grantham warns the S&amp;P 500 will ‚Äòlikely‚Äô plunge another 40% minimum ‚Äî https://t.co/bLV4ojggzy via @YahooFinance,1,False,False
@budfoxfun: $PVSP Pervasip and KRTL International Receive Exclusive Approval to Participate in $40 Million Korean Hemp Regulation Group‚Ä¶,1,False,False
"Web browsing and researching online while listening to video reports via @YahooFinance @WSJ and more.
#sidehustle #Multitasking #nocturnal #Onlinework",1,False,False
Should I wait for real estate prices to crash before I buy a house? Here are 3 simple reasons why this housing downturn is nothing like 2008 https://t.co/XaRMQZqtuI via @YahooFinance,1,False,False
"@YahooFinance: Tesla reportedly lays off 200 in Autopilot unit, shutters San Mateo office https://t.co/sYEHwOvJkp by @Pras_S https://t.c‚Ä¶",1,False,False
@chef_Ape_D: Housing bubble about to pop,1,False,False
"@RevBruceJ1: Systemic racism and #success  spoken about openly by @NFL @TroyVincentSr @YahooFinance 
https://t.co/oalj9GaJkI",1,False,False
"Tesla reportedly lays off 200 in Autopilot unit, shutters San Mateo office https://t.co/sYEHwOvJkp by @Pras_S https://t.co/OdYckAGzl5",1,False,False
"@walkdogsapp: Article on @YahooFinance 

We are excited to announce that an article about Walk Dogs has been published on @YahooFinance‚Ä¶",1,False,False
"Systemic racism and #success  spoken about openly by @NFL @TroyVincentSr @YahooFinance 
https://t.co/oalj9GaJkI",1,False,False
"@elerianm: From @serwer:
""I‚Äôve covered the #markets and the #economy for four decades, and I can‚Äôt recall a time when more people‚Äîor at‚Ä¶",1,False,False
"@TimmerFidelity @YahooFinance @BrianSozzi @juleshyman @thebradsmith The US mkt is tilted toward growthy names which will prove to be resilient even in a slowing economy. Based on our projections, growthier part of mkt is cheaper than it was in 2008 and March 2020.",1,False,False
Housing bubble about to pop https://t.co/JQu5DNVahT,1,False,False
"Housing: ‚ÄòWe‚Äôre at a tipping point‚Äô for home prices, economist says https://t.co/Ytx31JsVVn by @__gabriellacruz https://t.co/j9MhClyLm8",1,False,False
Crypto billionaire Sam Bankman-Fried says more exchanges will fail as the industry faces a brutal downturn https://t.co/InZluQYvxZ via @YahooFinance,1,False,False
@YahooFinance: Over 36 million children may lose food aid this week https://t.co/XRYwTHJaCQ by @__gabriellacruz https://t.co/o66VUQow79,1,False,False
@YahooFinance @daniromerotv White Hot was a great documentary,1,False,False
@YahooFinance: Over 36 million children may lose food aid this week https://t.co/XRYwTHJaCQ by @__gabriellacruz https://t.co/o66VUQow79,1,False,False
Over 36 million children may lose food aid this week https://t.co/XRYwTHJaCQ by @__gabriellacruz https://t.co/o66VUQow79,1,False,False
@YahooFinance: America's tech giants have a new responsibility in the post-Roe world https://t.co/jAL4en9ET6 by @DanielHowley https://t.‚Ä¶,1,False,False
‚ÄòSimply Outrageous:‚Äô EY Hit With $100 Million Fine After Audit Employees Cheat on CPA Ethics Exam https://t.co/07XskKhCFf via @YahooFinance,1,False,False
@YahooFinance: .@Jenniferisms discusses Ernst &amp; Young‚Äôs $100 million SEC fine over aiding auditors in efforts to cheat on the ethics sec‚Ä¶,1,False,False
"@gannonbreslin: Mama I made it! @YahooFinance 

 https://t.co/tyCnIhaPBO",1,False,False
"@binance: .@cz_binance is live on @YahooFinance!

Tune-in ‚û°Ô∏è https://t.co/PU3N5oWUs7 https://t.co/IXlQb3nn6L",1,False,False
"America is slowly forgetting Abercrombie &amp; Fitch, survey shows https://t.co/X7EA7V8F2o by @daniromerotv https://t.co/prjiG8F2RT",1,False,False
"@TycoonStoryCo: How to Choose the Correct Analyst Tool for Your Investment: 

https://t.co/p1yarCxZLK

@YahooFinance @Investopedia @wall‚Ä¶",1,False,False
"@KendallP97 @leslie_stjames @YahooFinance @HindenburgRes I'm literally not caring. Your OCD is bizarre. It's good to see you finally felt shame for putting everything in quotes. So the conflict is with your Asperger's. You literally jump at my will, and for my attention.",1,False,False
"#Fed Funds Rate, chart @YahooFinance  https://t.co/unl36G5xiI https://t.co/nGy2iAalzX",1,False,False
@leslie_stjames @KendallP97 @YahooFinance @HindenburgRes You have an IQ in the low 110's. Likely 112. Please confirm or deny.,1,False,False
"@ArabianCamels: In case you missed seeing #ArabianCamels on #YahooFinance: https://t.co/NgT5WsbJyp 

#AntaraMovieNFT 1 #ETH
https://t.co‚Ä¶",1,False,False
Germany seizes three Gazprom tankers in new blow for Putin - live updates https://t.co/qOAOl1WhKA Ï∂úÏ≤ò @YahooFinance,1,False,False
"@YahooFinance: ‚ÄúInflation is a very serious subject,‚Äù Berkshire Hathaway Vice Chairman &amp; Daily Journal Chairman Charlie Munger says. ‚ÄúYo‚Ä¶",1,False,False
@YahooFinance wrong info https://t.co/KuIiKWIKv5,1,False,False
America's tech giants have a new responsibility in the post-Roe world https://t.co/jAL4en9ET6 by @DanielHowley https://t.co/tfEGWtickl,1,False,False
Apple celebrates 15-year anniversary of the iPhone https://t.co/PK2tByGlg6 via @YahooFinance $AAPL,1,False,False
Are we awake yet https://t.co/gyQjlS0Cjx,1,False,False
@YahooFinance @daniromerotv Hello i want to join your group,1,False,False
@YahooFinance: The risky plan to block Russia‚Äôs oil revenue https://t.co/p63Eds5Mke by @rickjnewman https://t.co/OOX6qIQ4j7,1,False,False
The risky plan to block Russia‚Äôs oil revenue https://t.co/p63Eds5Mke by @rickjnewman https://t.co/OOX6qIQ4j7,1,False,False
"@YahooFinance How we gonna Explain a higher bid from a bigger Airline?  

Back to the drawing board to concoct something.  Should be call our GOP friends?",1,False,False
Got to get them rates fixed https://t.co/JwGvDKLXJ1,1,False,False
Flying Spirit like taking the China bus lol only New Yorkers can relate https://t.co/cjMlLAe4CE,1,False,False
$MULN No#5 trending ticker on @YahooFinance https://t.co/xRIiIsKkqG,1,False,False
@pykevision: Michael Saylor‚Äôs MicroStrategy doubles down on Bitcoin bet with new $10 million purchase https://t.co/jl63zcmLo6 via @Yahoo‚Ä¶,1,False,False
"@HpBikita: ""The First-Ever NFT Creative Competition 2022: The Winners"" via @YahooFinance

Trending #bitcoin news with frequent shares an‚Ä¶",1,False,False
"""The First-Ever NFT Creative Competition 2022: The Winners"" via @YahooFinance

Trending #bitcoin news with frequent shares and strong engagement across social media.

Social Insights: https://t.co/7mSWRYLxZF $btc

Sourceüëáhttps://t.co/4KQ7I31Vdz",1,False,False
Fired Starbucks barista on labor agency move: 'It's exciting to see' https://t.co/Ale94BX30N by @daniromerotv https://t.co/IcTLuKMqSM,1,False,False
@YahooFinance: Bentley charts path forward with new Mulliner line and EV future https://t.co/DNxqnxXLuv by @Pras_S https://t.co/7PjnifJT‚Ä¶,1,False,False
@Alan83bullB: @ALaN83BuLL @Juanz8667 @Chloe4Djt @Denise_Old_Lady @FreeStateFl @cottika @bdonesem @CNBC @Chase @GoldmanSachs @StevenACohe‚Ä¶,1,False,False
@ALaN83BuLL: @Alan83bullB @Juanz8667 @Chloe4Djt @Denise_Old_Lady @FreeStateFl @cottika @bdonesem @CNBC @Chase @GoldmanSachs @StevenACohe‚Ä¶,1,False,False
Marathon Digital says storm knocked out most of its Bitcoin mining rigs in Montana https://t.co/FxiXF2LVqy via @YahooFinance,1,False,False
"North Korea may be behind new $100 million cryptocurrency hack, experts say https://t.co/XZiyyGttyh via @YahooFinance",1,False,False
A Crypto Winter Is Setting In. Why the Outlook Is Different This Time. https://t.co/3BGrCaYAfz via @YahooFinance,1,False,False
Buckle Up: How investors can deal with crypto turbulence https://t.co/TDFYaX2Jpq via @YahooFinance,1,False,False
@dr3a_eth @DylanMeador @jgonzales19701 @Yahoo @YahooNews @YahooFinance @YahooEnt @YahooSports @YahooFantasy He‚Äôs hella good at it huh üòéüíØ,1,False,False
@DylanMeador @jgonzales19701 @lithappyadvent1 @Yahoo @YahooNews @YahooFinance @YahooEnt @YahooSports @YahooFantasy You should become a certified ens Shiller üòé,1,False,False
@DylanMeador @jgonzales19701 @Yahoo @YahooNews @YahooFinance @YahooEnt @YahooSports @YahooFantasy Y‚Äôall heard the man. Off the market üòéüëÄüíØlol,1,False,False
"@jgonzales19701 @lithappyadvent1 U know what? Ive changed my mind, email.eth isnt for sale anymore its now up for trade. We want https://t.co/1Ow6ne607I for email.eth @Yahoo @YahooNews @YahooFinance @YahooEnt @YahooSports @YahooFantasy",1,False,False
@YahooFinance @alliecanal8193 Aaahhh. The company who bought us into believing that breakfast was the most important meal of the day. We r such suckers.,1,False,False
Sheesh smh https://t.co/LhQvZaDxjc,1,False,False
@YahooFinance: Big food shakeup ‚Äòalready underway‚Äô amid Kellogg's split ‚Äî here's who could be next https://t.co/mEWbQZ6TDv by @alliecana‚Ä¶,1,False,False
@YahooFinance: Big food shakeup ‚Äòalready underway‚Äô amid Kellogg's split ‚Äî here's who could be next https://t.co/mEWbQZ6TDv by @alliecana‚Ä¶,1,False,False
"@Grayscale: If our application is approved by the SEC, these firms would enable the simultaneous creations and redemptions inherent to a‚Ä¶",1,False,False
Big food shakeup ‚Äòalready underway‚Äô amid Kellogg's split ‚Äî here's who could be next https://t.co/mEWbQZ6TDv by @alliecanal8193 https://t.co/LXzUFEnKVP,1,False,False
@YahooFinance @BrianSozzi Shouldn‚Äôt have dropped my pillow. Haha,1,False,False
"@YahooFinance: ""At the end of the day, I think the Supreme Court decision was right,"" @RepKevinBrady says on abortion. ""I think that is‚Ä¶",1,False,False
2 Contraceptive Stocks That Could Benefit From Roe v. Wade Reversal https://t.co/TMRfHXr6E2 via @YahooFinance,1,False,False
funny pic for Yahoo finance https://t.co/qhPktWdkiW,1,False,False
"@Alsomiri_Ahmed: Shameful, This is how Egypt GOV defend Prophet Muhammad (pbuh) against Modi Govt insult remarks of prophet Muhammad , a‚Ä¶",1,False,False
Stanley Cup Final viewership nearly doubles as ESPN hopes to turn new fans into subscribers https://t.co/TXaNk0Zxuh via @YahooFinance,1,False,False
@edwin_nba: Hey that's a Utah Jazz team plane,1,False,False
"Bed Bath &amp; Beyond is 'in the end days' after 'dumpster fire' quarter, analyst says https://t.co/I4evjYNYS6 by @BrianSozzi https://t.co/ZxbanmUQiL",1,False,False
"@237_afroculture @YahooFinance @business @BusinessInsider Water, food, and women.",1,False,False
@YahooFinance: Powell says 'no guarantee' Fed can avoid a hard landing https://t.co/rgmXYjwWDN by @bcheungz https://t.co/Z5ITiq2Fqz,1,False,False
@YahooFinance @LoopCapital Pheeeew those were some bold words re Ryan Cohen and BBBY. Let's see how this one goes.,1,False,False
"@yfinanceplus: Warren Buffett‚Äôs Berkshire Hathaway upped its stake in $OXY, it now owns 16.3%. #Berkshire is the largest individual shar‚Ä¶",1,False,False
Hey that's a Utah Jazz team plane https://t.co/zu3Tv1ewLf,1,False,False
@YahooFinance: .@LoopCapital Managing Director Anthony Chukumba on $BBBY: ‚ÄúWe are looking at a situation in which this company is probab‚Ä¶,1,False,False
@YahooFinance @BrianSozzi Word,1,False,False
"A paid, first-of-its-kind #DriverLess electric #Robotaxi service is now available in San Francisco courtesy of GM's Cruise. For now, restrictions apply on speed, service area, and availability hours.

https://t.co/lxCR5kGVcy

#ElectricVehicles #SustainableMobility @YahooFinance",1,False,False
@YahooFinance @BrianSozzi It all makes sense now. On who was pushing the meme stock craze.,1,False,False
@YahooFinance: $JPM downgrades 26 tech stocks while forecasting a 66% likelihood of a recession within the next two years. https://t.co/‚Ä¶,1,False,False
@YahooFinance: Spirit Airlines CEO: JetBlue is being 'childish' with inflammatory rhetoric https://t.co/icvwQcWG4S by @BrianSozzi https:‚Ä¶,1,False,False
Spirit Airlines CEO: JetBlue is being 'childish' with inflammatory rhetoric https://t.co/icvwQcWG4S by @BrianSozzi https://t.co/wDa4l89HFC,1,False,False
"MO√ãT HENNESSY STRENGTHENS ITS GLOBAL PORTFOLIO OF EXCEPTIONAL WINES WITH THE ACQUISITION OF JOSEPH PHELPS VINEYARDS, ONE OF THE MOST RESPECTED AND ACCLAIMED WINE PROPERTIES OF THE NAPA VALLEY IN CALIFORNIA https://t.co/7uYRpktVpc by @YahooFinance https://t.co/Bxl6ovTVOq",1,False,False
"@YahooFinance: ‚ÄúThere's about 3 billion people who don't have reliable access to banks, pay high prices for admittances, credit, insuran‚Ä¶",1,False,False
I too urge the fed to do whatever keeps me from getting burned on a huge short position https://t.co/2duOODDDrQ,1,False,False
"""Next two years"" ü§£ https://t.co/ysoZmL5Kcj",1,False,False
@YahooFinance: $JPM downgrades 26 tech stocks while forecasting a 66% likelihood of a recession within the next two years. https://t.co/‚Ä¶,1,False,False
@YahooFinance: Bill Ackman urges Fed to 'act decisively to kill inflation' https://t.co/oJb8124tIz by @alexandraandnyc https://t.co/7C9g‚Ä¶,1,False,False
Murder the repo markets instead? https://t.co/PjAbX9ZrWy,1,False,False
Bill Ackman urges Fed to 'act decisively to kill inflation' https://t.co/oJb8124tIz by @alexandraandnyc https://t.co/7C9gGq2jAG,1,False,False
@acemaxx: #Fed -- The total amount of household and corporate #cash in checking accounts is about $3 trn higher than pre- #pandemic tren‚Ä¶,1,False,False
"@racingsocialnft: ‚ÄºÔ∏è GREAT NEWS ‚ÄºÔ∏è

We have been featured on @YahooFinance 

Our article about the RSC fund caught a lot of attention, w‚Ä¶",1,False,False
@TimmerFidelity @YahooFinance @BrianSozzi @juleshyman @thebradsmith Great read,1,False,False
@YahooFinance: Bed Bath &amp; Beyond CEO ousted as sales collapse 27% https://t.co/azZcVam6e1 by @BrianSozzi https://t.co/9ayq9Beu4L,1,False,False
@YahooFinance: Bentley charts path forward with new Mulliner line and EV future https://t.co/DNxqnxXLuv by @Pras_S https://t.co/7PjnifJT‚Ä¶,1,False,False
@YahooFinance: $JPM downgrades 26 tech stocks while forecasting a 66% likelihood of a recession within the next two years. https://t.co/‚Ä¶,1,False,False
@saraht6581: Powell says 'no guarantee' Fed can avoid hard landing https://t.co/pWUkc33goK via @YahooFinance,1,False,False
@saraht6581: Powell says 'no guarantee' Fed can avoid hard landing https://t.co/pWUkc33goK via @YahooFinance //,1,False,False
"@gannonbreslin @YahooFinance @HyperNation8  @HyperNFTpro 
The first free and equal digital country ‚Äì HyperNation global theme conference was held.
Read more here: https://t.co/Uw1Cn84Cxa
Follow @HyperNation8 &amp; @HyperNFTpro
for more!
#hypernation #metaverse #blockchain #defi #dao #crypto #gamefi https://t.co/IMtXV6TJZs",1,False,False
@YahooFinance: Bentley charts path forward with new Mulliner line and EV future https://t.co/DNxqnxXLuv by @Pras_S https://t.co/7PjnifJT‚Ä¶,1,False,False
"@YahooFinance: Bitcoin fights to stay above $20,000 as Saylor buys another $10 million https://t.co/ZJEfarhbkf by @dshollers https://t.c‚Ä¶",1,False,False
@YahooFinance: $JPM downgrades 26 tech stocks while forecasting a 66% likelihood of a recession within the next two years. https://t.co/‚Ä¶,1,False,False
@YahooFinance: Bentley charts path forward with new Mulliner line and EV future https://t.co/DNxqnxXLuv by @Pras_S https://t.co/7PjnifJT‚Ä¶,1,False,False
Bentley charts path forward with new Mulliner line and EV future https://t.co/DNxqnxXLuv by @Pras_S https://t.co/7PjnifJT2u,1,False,False
"@YahooFinance: ‚ÄúPeople see inflation so high that they think it doesn‚Äôt help to work,‚Äù @RepKevinBrady says. ‚ÄúIt‚Äôs really just the opposi‚Ä¶",1,False,False
@YahooFinance: US economy contracted more than initially reported in Q1 as consumption dropped https://t.co/57WYq1LAaQ https://t.co/DbtK‚Ä¶,1,False,False
@YahooFinance: New report reveals major source of recent crypto market chaos https://t.co/qmhJlMTcgZ by @DsHollers https://t.co/pMfSF1Va‚Ä¶,1,False,False
Germany seizes three Gazprom tankers in new blow for Putin - live updates https://t.co/Nti67Zgjv5 via @YahooFinance,1,False,False
"@YahooFinance: ‚ÄúThere‚Äôs a lot of danger here,"" New Constructs CEO David Trainer says on crypto. ""The yields that these firms are promisi‚Ä¶",1,False,False
Powell says 'no guarantee' Fed can avoid hard landing https://t.co/pWUkc33goK via @YahooFinance //,1,False,False
"First they said a 1.4% drop, then they said 1.5%, now 1.6%. Come on!!! 
US economy contracted more than initially reported in Q1 as consumption dropped https://t.co/ywpf8KUkgy via @YahooFinance",1,False,False
"India Forced to Ship In Gasoline, Diesel as Shortages Arise https://t.co/Zkum2Ns5XT via @YahooFinance",1,False,False
@YahooFinance: New report reveals major source of recent crypto market chaos https://t.co/qmhJlMTcgZ by @DsHollers https://t.co/pMfSF1Va‚Ä¶,1,False,False
"@Sonnenshein: .@Grayscale reaches $GBTC agreement with Jane Street, Virtu ahead of SEC ruling https://t.co/z23JO5T9d1 via @YahooFinance",1,False,False
"@YahooFinance: Bitcoin fights to stay above $20,000 as Saylor buys another $10 million https://t.co/ZJEfarhbkf by @dshollers https://t.c‚Ä¶",1,False,False
@Sonos @alekz5 @PatrickSpence @YahooFinance Yes I have and it‚Äôs a joke. No one will help.,1,False,False
Joe Manchin reacts to Roe v. Wade ruling: ‚ÄòI trusted Justice Gorsuch and Justice Kavanaugh‚Äô https://t.co/8o44eVmRia via @YahooFinance,1,False,False
@YahooFinance: .@KerryHannon provides tips for managing 401(k) accounts in a recession: https://t.co/Xze2fmdmCu,1,False,False
@ColumbiaSIPA: . @JoseA_Ocampo has joined the economics team of Colombian president-elect Gustavo Petro; the SIPA professor could play a‚Ä¶,1,False,False
SSSSSSSSSSSSSSSSSSSSSSSSS..POP POP BOOM...REAL ESTATE IN 23-24-25 https://t.co/IAMt0vVEzN,1,False,False
New report reveals major source of recent crypto market chaos https://t.co/qmhJlMTcgZ by @DsHollers https://t.co/pMfSF1VaNd,1,False,False
Powell says 'no guarantee' Fed can avoid hard landing https://t.co/pWUkc33goK via @YahooFinance,1,False,False
"""The First-Ever NFT Creative Competition 2022: The Winners"" via @YahooFinance

Trending #bitcoin news with frequent shares and strong engagement across social media.

Social Insights: https://t.co/N6SOuaYV3z $btc

Sourceüëáhttps://t.co/4DlcvEXbXF",1,False,False
"@YahooFinance: Tesla reportedly lays off 200 in Autopilot unit, shutters San Mateo office https://t.co/gogXVsaC0u by @Pras_S https://t.c‚Ä¶",1,False,False
@SpankThePolitic @KendallP97 @YahooFinance @HindenburgRes What a bunch of nonsense this @spankthepolitic is spouting. Legal defense my ass. ü§°,1,False,False
How high can mortgage rates go? Likely higher. https://t.co/UJ7TQ6TTDk by @__gabriellacruz https://t.co/eYEEVL9oR5,1,False,False
"US economy contracted more than initially reported in Q1 as consumption dropped https://t.co/eAUOruZFSR via @YahooFinance  
What fucking #economy?
49% US GDP is all its governments
only leaving 51% for Americans
70% of 51% hinges on #spending not #making 
Mostly all #foreign shit",1,False,False
"Some useful Stock Market Accounts to follow: 

‚úÖ@unusual_whales 
‚úÖ@DeItaone 
‚úÖ@markets 
‚úÖ@faststocknewss 
‚úÖ@snorlax_uw 
‚úÖ@FortuneOptions 
‚úÖ@YahooFinance 
‚úÖ@OptionsHawk 
‚úÖ@Jake__Wujastyk 

If I missed any, tag them in the comments. #fintwit fam",1,False,False
"Vladimir Putin is a ‚Äòlunatic‚Äô with ‚Äòsmall man syndrome‚Äô, says Ben Wallace https://t.co/Yf8MehY0Nc via @YahooFinance",1,False,False
"@YahooFinance: Bitcoin fights to stay above $20,000 as Saylor buys another $10 million https://t.co/ZJEfarhbkf by @dshollers https://t.c‚Ä¶",1,False,False
@YahooFinance @DsHollers I bought more Dogecoin,1,False,False
"@YahooFinance: Bitcoin fights to stay above $20,000 as Saylor buys another $10 million https://t.co/ZJEfarhbkf by @dshollers https://t.c‚Ä¶",1,False,False
"@YahooFinance: Bitcoin fights to stay above $20,000 as Saylor buys another $10 million https://t.co/ZJEfarhbkf by @dshollers https://t.c‚Ä¶",1,False,False
"@YahooFinance: Bitcoin fights to stay above $20,000 as Saylor buys another $10 million https://t.co/ZJEfarhbkf by @dshollers https://t.c‚Ä¶",1,False,False
"@voter1vote: Ketanji Brown Jackson to Be Sworn in Thursday as Newest Supreme Court Justice https://t.co/UMLpFsJUxB via @YahooFinance 
""‚Ä¶",1,False,False
@SpankThePolitic @leslie_stjames @YahooFinance @HindenburgRes It'll be a quite short trial considering that even someone like you who's been tagging along behind my posts for weeks can't seem to find a link for a single false or fraudulent thing that I've said.,1,False,False
"Bed Bath &amp; Beyond is 'in the end days' after 'dumpster fire' quarter, analyst says https://t.co/WAFqqIcaKp via @YahooFinance",1,False,False
"@YahooFinance: Bitcoin fights to stay above $20,000 as Saylor buys another $10 million https://t.co/ZJEfarhbkf by @dshollers https://t.c‚Ä¶",1,False,False
"@YahooFinance: Bitcoin fights to stay above $20,000 as Saylor buys another $10 million https://t.co/ZJEfarhbkf by @dshollers https://t.c‚Ä¶",1,False,False
"Bitcoin fights to stay above $20,000 as Saylor buys another $10 million https://t.co/ZJEfarhbkf by @dshollers https://t.co/Kpt3USuBUF",1,False,False
@YahooFinance: US economy contracted more than initially reported in Q1 as consumption dropped https://t.co/57WYq1LAaQ https://t.co/DbtK‚Ä¶,1,False,False
"@Sonnenshein: .@Grayscale reaches $GBTC agreement with Jane Street, Virtu ahead of SEC ruling https://t.co/z23JO5T9d1 via @YahooFinance",1,False,False
@EmilKalinowski: I always listen to what #LakshmanAchuthan has to say. An excellent track record of identifying and warning of inflectio‚Ä¶,1,False,False
"Bed Bath &amp; Beyond is 'in the end days' after 'dumpster fire' quarter, analyst says https://t.co/pY4Zadj20U via @YahooFinance",1,False,False
"Ketanji Brown Jackson to Be Sworn in Thursday as Newest Supreme Court Justice https://t.co/UMLpFsJUxB via @YahooFinance 
"" Breyer said in a letter to President Joe Biden that his confirmation would become effective Thursday."" #MSNBCPrime",1,False,False
@YahooFinance: Bed Bath &amp; Beyond CEO ousted as sales collapse 27% https://t.co/azZcVam6e1 by @BrianSozzi https://t.co/9ayq9Beu4L,1,False,False
@YahooFinance: US economy contracted more than initially reported in Q1 as consumption dropped https://t.co/57WYq1LAaQ https://t.co/DbtK‚Ä¶,1,False,False
@YahooFinance @BrianSozzi This is what happens when you stop selling #MyPillow,1,False,False
@YahooFinance: Bed Bath &amp; Beyond CEO ousted as sales collapse 27% https://t.co/azZcVam6e1 by @BrianSozzi https://t.co/9ayq9Beu4L,1,False,False
ShinyBud Achieves Record Revenue and Gross Profit in the First Quarter Fiscal 2023; Reports 37% Gross Margin and Positive Adjusted EBITDA https://t.co/LnhbVwK1He via @YahooFinance,1,False,False
"@YahooFinance: ""At the end of the day, I think the Supreme Court decision was right,"" @RepKevinBrady says on abortion. ""I think that is‚Ä¶",1,False,False
"@YahooFinance: ‚ÄúPeople see inflation so high that they think it doesn‚Äôt help to work,‚Äù @RepKevinBrady says. ‚ÄúIt‚Äôs really just the opposi‚Ä¶",1,False,False
@YahooFinance: $3 trillion in savings may push the Fed to keep raising rates: economist https://t.co/N0jPcgYGhF by @juleshyman https://t‚Ä¶,1,False,False
@YahooFinance @BrianSozzi That‚Äôs what you get for turning off your A/C‚Äôs in your stores to save money ü§¶üèª‚Äç‚ôÇÔ∏è,1,False,False
Bed Bath &amp; Beyond CEO ousted as sales collapse 27% https://t.co/azZcVam6e1 by @BrianSozzi https://t.co/9ayq9Beu4L,1,False,False
@sammyskshop: Xavi‚Äôs gesture to convince Ousmane Dembele to stay at Barcelona revealed An https://t.co/pZ4e5zJSpA #mufc #manutd #epl #fo‚Ä¶,1,False,False
"Who can afford to travel when ticket prices are so expensive. It is outrageous!!
Booking Site Declines in June Could Signal Softening of Blockbuster Summer https://t.co/bwUsvjzFdQ via @YahooFinance",1,False,False
@RogersWrites @YahooFinance Weird.  I keep getting ear wax removal tools and some spandex thing that is supposed to make my belly look smaller,1,False,False
"#Crowdfunding #CrowdfundingCampaign 
Crowdfunding Market to Reach $42.93 Billion By 2028 As Entrepreneurs are Bypassing Traditional Banks and Opting for Modern Finance Solution 
üöÄüéâü§†
https://t.co/d9ipvqQiLy @YahooFinance„Çà„Çä",1,False,False
‚ÄòPolluting the air we breathe‚Äô: Mechanic sentenced for selling thousands of devices that allowed trucks to bypass emissions controls https://t.co/nznDmSJRF6 via @YahooFinance,1,False,False
US economy contracted more than initially reported in Q1 as consumption dropped https://t.co/sMVKkK6AD7 via @YahooFinance,1,False,False
"@stockerblog: Pinterest CEO steps down, Google executive to take over in e-commerce push https://t.co/P9OTSbWqi4 via @YahooFinance $PINS‚Ä¶",1,False,False
"#Housing: ‚ÄòWe‚Äôre at a tipping point‚Äô for home prices, economist says https://t.co/ouTJ0RVS60 via @YahooFinance",1,False,False
"$BBBY  4.9900-1.5400  -23.58%

Bed Bath &amp; Beyond is 'in the end days' after 'dumpster fire' quarter, analyst says https://t.co/T8u51bCdIr via @YahooFinance",1,False,False
"@YahooFinance: $DIS votes to keep Bob Chapek on board as CEO for another 3 years, $PINS CEO Ben Silbermann steps down, $CCL stock drops‚Ä¶",1,False,False
"Tesla reportedly lays off 200 in Autopilot unit, shutters San Mateo office https://t.co/cuEm3a3ko6 via @YahooFinance",1,False,False
"Best Cities to Retire on a Budget of $1,500 a Month https://t.co/bLzb32UISk via @YahooFinance What goes into the livability score?",1,False,False
@YahooFinance: Powell says 'no guarantee' Fed can avoid a hard landing https://t.co/rgmXYjwWDN by @bcheungz https://t.co/Z5ITiq2Fqz,1,False,False
US Personal Spending Is Revised Sharply Lower in First-Quarter Data https://t.co/CPsvSahEQG via @YahooFinance,1,False,False
US Personal Spending Is Revised Sharply Lower in First-Quarter Data https://t.co/CPsvSah718 via @YahooFinance,1,False,False
@KerryHannon @__gabriellacruz @YahooFinance @Yahoo And now will we have more children we can ignore.,1,False,False
@KendallP97 @leslie_stjames @YahooFinance @HindenburgRes The force is strong in your OCD and Asperger's. I hope you are named as a defendant. It'll cost you 6-figures to defend class action for all the deliberate FUD you've spread. Keep fighting on social...maybe do a gofundme for your legal defense? So dumb of you $MULN,1,False,False
"""The First-Ever NFT Creative Competition 2022: The Winners"" via @YahooFinance

Trending #bitcoin news with frequent shares and strong engagement across social media.

Social Insights: https://t.co/rOF9YieKNt $btc

Sourceüëáhttps://t.co/2gwEfvYWZR",1,False,False
New report reveals major source of recent crypto market chaos https://t.co/og4t7uUrET via @YahooFinance,1,False,False
"Stagflation is on the way.
US economy contracted more than initially reported in Q1 as consumption dropped https://t.co/lIWsCCv0Fb via @YahooFinance",1,False,False
"@dewmboom: $SIRC filed their Audited CY2021 report with the OTC on April 4 and they issued a PR on April 5. 

Solar Integrated Roofing C‚Ä¶",1,False,False
"Stocks finish mixed as bitcoin fights to stay above $20,000 https://t.co/ZBQh6iF7lY via @YahooFinance",1,False,False
@unusual_whales @YahooFinance is a joke,1,False,False
"Bed Bath &amp; Beyond CEO ousted as sales collapse 27% https://t.co/VntL86wPUH via @YahooFinance Look, Bed Bath &amp; Beyond has an expensive line of products, and ALL its products can be listed as DISCRETIONARY--you can live without them, so instead of firing the CEO lower your prices.",1,False,False
"""The First-Ever NFT Creative Competition 2022: The Winners"" via @YahooFinance

Trending #bitcoin news with frequent shares and strong engagement across social media.

Social Insights: https://t.co/weiG7dofvI $btc

Sourceüëáhttps://t.co/7O42Sxa9tF",1,False,False
"Hopefully this will prevent someone from hoarding a valuable commodity and then price gouging folks that are in dire need.

Amazon to limit purchases of Plan B and other emergency contraceptive pills https://t.co/DmpLHnTTPb via @YahooFinance",1,False,False
"@CaseFoundation: Last week, @GoldmanSachs announced that they‚Äôre invested $1 billion of their $10 billion commitment to the One Million‚Ä¶",1,False,False
@YahooFinance: Google targeted in fresh EU consumer groups' privacy complaints https://t.co/hLKRp27Q6B https://t.co/sqXrefUPqL,1,False,False
@GADnyc @pykevision @YahooFinance 0.25% down.,1,False,False
"@Labelcoin: Thank you @YahooFinance for helping us spread the word! 

Let‚Äôs end artistic poverty! 

https://t.co/tef0xCbYvj

#music3 #mu‚Ä¶",1,False,False
"@YahooFinance @DsHollers Bitcoin going down to 2,900 again",1,False,False
@BeachyPiers @YahooFinance I followed the breaking news account and found it‚Äôs posts verifiable and timely. And concise. Timely news updates are my main reason for using Twitter. I‚Äôll miss it.,1,False,False
"Thank you @YahooFinance for helping us spread the word! 

Let‚Äôs end artistic poverty! 

https://t.co/tef0xCbYvj

#music3 #musicnft #web3 #blockchain #royalties #newmusic",1,False,False
@YahooFinance: Spirit Airlines again delays shareholder vote on Frontier deal https://t.co/fa4KFKloJJ https://t.co/kk1mFMZJRt,1,False,False
Spirit Airlines again delays shareholder vote on Frontier deal https://t.co/fa4KFKloJJ https://t.co/kk1mFMZJRt,1,False,False
Google targeted in fresh EU consumer groups' privacy complaints https://t.co/hLKRp27Q6B https://t.co/sqXrefUPqL,1,False,False
@YahooFinance: .@KerryHannon provides tips for managing 401(k) accounts in a recession: https://t.co/Xze2fmdmCu,1,False,False
"Cash on the sideline?

RT

$3 trillion in savings may push the Fed to keep raising rates: economist https://t.co/GamAQWsL2F via @YahooFinance https://t.co/RlCbJ7bLMd",1,False,False
@YahooFinance: Cardano founder @IOHK_Charles joined Yahoo Finance Live on June 9 to discuss initiatives that the blockchain platform is‚Ä¶,1,False,False
@sammyskshop: Xavi‚Äôs gesture to convince Ousmane Dembele to stay at Barcelona revealed An https://t.co/pZ4e5zJSpA #mufc #manutd #epl #fo‚Ä¶,1,False,False
Xavi‚Äôs gesture to convince Ousmane Dembele to stay at Barcelona revealed An https://t.co/pZ4e5zJSpA #mufc #manutd #epl #football #TransferNews #newsnow #YahooFinance #premierleague #TransferRumours #bbnaija https://t.co/brjEarsmWD #transfernews,1,False,False
@big_pittman @YahooFinance @BreezeAirways @KCIAirport Stay away,1,False,False
"@TimmerFidelity: Timely conversation this morning on @YahooFinance with @BrianSozzi, @juleshyman and @thebradsmith 

https://t.co/0CTwrF‚Ä¶",1,False,False
"@YahooFinance @__gabriellacruz Yawn! ‚ÄòHope springs eternal, in the realtor‚Äôs breast‚Äô",1,False,False
"@ArabianCamels: In case you missed seeing #ArabianCamels on #YahooFinance: https://t.co/NgT5WsbJyp 

#AntaraMovieNFT 1 #ETH
https://t.co‚Ä¶",1,False,False
"@YahooFinance @BreezeAirways We tried the lower fares but only problem is we never got in the air because you cancelled our flight with no chance of getting out until two days later, forcing us to drive 12 hours to our vacation destination. Our first try will be our last.",1,False,False
"@kevcirilli: TY, @SXMPOTUS. 

Great to chat G7 / NATO / tech diplomacy / China / Russia + plug my favorite Uncle Mike‚Äôs hoagie shop ‚Äî be‚Ä¶",1,False,False
"@TimmerFidelity @BrianSozzi @YahooFinance @juleshyman @thebradsmith Brian! Seriously 
- do some damn journalism here. It is obvious the Spirit BoD is corrupt with continual delays. Ask slippery Ted Christie about how many (5)  board seats Frontier/Franke has promised the massively corrupt Spirit BoD.",1,False,False
US Personal Spending Is Revised Sharply Lower in First-Quarter Data https://t.co/ICWXIHE5Jl via @YahooFinance,1,False,False
"@ArabianCamels: In case you missed seeing #ArabianCamels on #YahooFinance: https://t.co/NgT5WsbJyp 

#AntaraMovieNFT 1 #ETH
https://t.co‚Ä¶",1,False,False
"@JupiterEXC: Did you hear the news?

Jupiter Exchange is in the #hiring process despite industry-wide job cuts.

Thank you @YahooFinance‚Ä¶",1,False,False
"Carnival Stock Could Fall to $0 in a Worst-Case Scenario, Analyst Says https://t.co/yFjSsYiMGb @YahooFinance„Çà„Çä",1,False,False
"Bed Bath &amp; Beyond earnings: ‚ÄòThis company is going bankrupt,‚Äô analyst says https://t.co/DDXzBjx3rJ @YahooFinance„Çà„Çä",1,False,False
"@pykevision @YahooFinance Fiat currencies are guaranteed to go down over any 10 year period.

#Bitcoin is likely to go up a lot over the next 10 years

not ""doubling down"" just converting USD earnings into a currency useful for savings.",1,False,False
$3 trillion in savings may push the Fed to keep raising rates: economist https://t.co/0ocfC6lMJW via @YahooFinance @federalreserve,1,False,False
"Twitter permanently suspends scores of 'news' accounts under the company BNN founded by Gurbaksh Chahal, former tech CEO convicted of battery https://t.co/oENeA2rZfZ via @YahooFinance",1,False,False
I just got laid off from my dream job at #Tesla without warning. I feel like my life got uprooted so a billionaire could save some money. https://t.co/wRPyeRTjeN via @YahooFinance,1,False,False
"@ArabianCamels: In case you missed seeing #ArabianCamels on #YahooFinance: https://t.co/NgT5WsbJyp 

#AntaraMovieNFT 1 #ETH
https://t.co‚Ä¶",1,False,False
"@NIOSanFrancisco: Another windfall for NIO shareholders in the future:
1. NIO sues Grizzly.
2. NIO is awarded by court.

Stock price wil‚Ä¶",1,False,False
"@YahooFinance: ""Q2 is shaping up to be one of the most challenging quarters for investors they've faced in history,"" @JH_Investments' Ma‚Ä¶",1,False,False
The First-Ever NFT Creative Competition 2022: The Winners https://t.co/0bbB6pUowx via @YahooFinance,1,False,False
"@TimmerFidelity: Timely conversation this morning on @YahooFinance with @BrianSozzi, @juleshyman and @thebradsmith 

https://t.co/0CTwrF‚Ä¶",1,False,False
"In case you missed seeing #ArabianCamels on #YahooFinance: https://t.co/NgT5WsbJyp 

#AntaraMovieNFT 1 #ETH
https://t.co/HdRO5XJoQ8
#TogetherWeRide",1,False,False
@pykevision @YahooFinance I don't think you know what doubling down means,1,False,False
"@Ld2Coin: If you haven't seen this today then check this out... #silver #cryptocurrency #NFT #digitalasset #LD2

LD2: The Silver-Backed‚Ä¶",1,False,False
"JPMorgan downgrades Amazon, Meta, and 24 other tech company stocks https://t.co/HcPdpwuCXo via @YahooFinance This is the worst call I have ever seen. Not to mention you think you a little late JPM. seriously this is a joke. Call your broker and tell him to liquidate you tech now.",1,False,False
‚ÄòSimply Outrageous:‚Äô EY Hit With $100 Million Fine After Audit Employees Cheat on CPA Ethics Exam https://t.co/sf8diIEJOg via @YahooFinance https://t.co/QXW6mXVQwA,1,False,False
@INX_Group: INX and @sicpa  have come together in a joint venture to  innovate the future of finance and pioneer the new digital economy‚Ä¶,1,False,False
"Did you hear the news?

Jupiter Exchange is in the #hiring process despite industry-wide job cuts.

Thank you @YahooFinance for the feature.

Get to know more hereüëá

https://t.co/fuzpeAl7Bv",1,False,False
"wow, I mean how does anyone in leadership still have a job there after this????   ‚ÄòSimply Outrageous:‚Äô EY Hit With $100 Million Fine After Audit Employees Cheat on CPA Ethics Exam https://t.co/g1s90NgCc5 via @YahooFinance",1,False,False
"If you haven't seen this today then check this out... #silver #cryptocurrency #NFT #digitalasset #LD2

LD2: The Silver-Backed Crypto Comeback for the Successful Liberty Dollar (LD) https://t.co/VWsdN1eM6B via @YahooFinance",1,False,False
"@manpreetkailon: Lithuania hit by cyber attack -government agency

https://t.co/TWUQFhOSiZ via @YahooFinance",1,False,False
@YahooFinance: US economy contracted more than initially reported in Q1 as consumption dropped https://t.co/57WYq1LAaQ https://t.co/DbtK‚Ä¶,1,False,False
"Here‚Äôs how much your Social Security check is likely to go up next year. Or down. And excuse the picture. 
#social #security #ssn #rise #drop 
https://t.co/3ni0xOSsoJ via @YahooFinance",1,False,False
"Would you crush a Taco Bell + Cheez-It tostada? 
Three for me please ü§§ 
https://t.co/01JRCPW4qu https://t.co/5jZaxSLYPA",1,False,False
@YahooFinance: 'Further cuts are needed': Goldman downgrades Coinbase amid crypto meltdown https://t.co/JpbhYAsHJR by @emily_mcck https:‚Ä¶,1,False,False
@ImproveDX to Improve Diagnosis in Medicine Praises the Intro of Groundbreaking Patient Safety Legislation in U.S. House and Senate wahttps://finance.yahoo.com/news/society-improve-diagnosis-medicine-praises-182900693.html?soc_src=social-sh&amp;soc_trk=tw&amp;tsrc=twtr via @YahooFinance,1,False,False
"@YahooFinance @CrollonPatrol They lied. Sincerely, an MBA",1,False,False
@Jimmerasbury @YahooFinance If my cousins house counts!,1,False,False
"@FeldEnt: ‚ÄúI think the level of audience appreciation is greater than anything I‚Äôve ever seen in my life.""
Kenneth Feld joins Influencer‚Ä¶",1,False,False
@YahooFinance: Actor and @Mintmobile owner Ryan Reynolds joined Yahoo Finance Live to discuss the importance of cost-efficient wireless‚Ä¶,1,False,False
@MatrixAI_Turkey: @Cointelegraph @MatrixAINetwork @MATRIXCMTO @Owen_Matrix @YahooFinance @GlobeNewswire @business Matrix Bio-Wallet in t‚Ä¶,1,False,False
"Once you figure out that they all lie until the lie doesn't hold water anymore, things get so much clearer. 

It went from no recession, to mild recession and now, you, the consumer caused this.

Nice! https://t.co/BZZ1H3VMvN",1,False,False
"Yahoo ConnectID's audience data is entirely consent-based, leveraged from:

@YahooSports
@YahooFinance
@YahooNews
And trusted partners

Learn more about why you should choose Yahoo ConnectID to reach consumers: https://t.co/KazuDwoVwN https://t.co/NUQEya9Uzt",1,False,False
@emilyrroland: Awesome clip today of @matthew_miskin pointing out where to find opportunities in a volatile market!,1,False,False
@YahooFinance @CrollonPatrol Of course they are. Just ask the hundreds of thousands of grads begging for student loan forgiveness.,1,False,False
"U.S. Auto Sales To Show Fresh Declines In Q2 After GM, Ford, Stellantis Idled Factories Again https://t.co/OuPSW4uaEo via @YahooFinance Whoops, you left out Tesla sales estimates, which should be around a plus 40% over last year same quarter. Do you agree?",1,False,False
Awesome clip today of @matthew_miskin pointing out where to find opportunities in a volatile market! https://t.co/sEHNAJdDsE,1,False,False
"@TimmerFidelity: Timely conversation this morning on @YahooFinance with @BrianSozzi, @juleshyman and @thebradsmith 

https://t.co/0CTwrF‚Ä¶",1,False,False
@TimmerFidelity @YahooFinance @BrianSozzi @juleshyman @thebradsmith Isn‚Äôt crude oil and gasoline the lynchpin in the inflation narrative? What are your views on those ? How deep will that correction go?,1,False,False
@YahooFinance: Actor and @Mintmobile owner Ryan Reynolds joined Yahoo Finance Live to discuss the importance of cost-efficient wireless‚Ä¶,1,False,False
"@red7nft: #Crypto #smartphone will be ‚Äòtransformative‚Äô for the industry says @solana co-founder. @YahooFinance @Solanamobile 

https://t‚Ä¶",1,False,False
"CN to Invest $55 Million in Minnesota Enabling Sustainable Growth, Improving Capacity and Advancing the Company‚Äôs Commitment to Safety https://t.co/9ra6sM4Gw6 via @YahooFinance @CNRailway",1,False,False
"@YahooFinance: ‚ÄúThe U.S. has been incredible at showing up at the right time and coming out of very difficult moments,‚Äù Sound Planning G‚Ä¶",1,False,False
@blu_kryptonian: TikTok Is Target of FCC Republican Without Authority or Votes https://t.co/XsrEMjUCc8 via @YahooFinance,1,False,False
"@TimmerFidelity @YahooFinance @BrianSozzi @juleshyman @thebradsmith Great insights as always, Jurrien!",1,False,False
Amanda de Cadenet talks about her life-saving abortion after suffering an incomplete miscarriage https://t.co/YO7Z3DqwpS https://t.co/CI0WDHIgEe,2,False,False
"@YahooEnt: Want to live like Dolly Parton? Stay overnight on her tour bus, complete with a wig cabinet https://t.co/8Nff7MclRL https://t‚Ä¶",2,False,False
@YahooEnt: Elizabeth Olsen confirms she and Robbie Arnett 'eloped' and 'had a wedding at another time' https://t.co/3EWoBZP3Mj https://t‚Ä¶,2,False,False
Ali Wong is surprised by her teenage self in Prime Video's Paper Girls teaser https://t.co/UOpZyyJFi5 https://t.co/Kqd9ZEkYqP,2,False,False
Blah blah blah. Lemme stay on the Rock of Love bus. https://t.co/3sPxj1v4xh,2,False,False
Now I must have a wig cabinet!!! https://t.co/VwFGob9505,2,False,False
I'm gonna have a talk with him. Just a talk I swear https://t.co/h3olT6whzn,2,False,False
@YahooEnt It looks tacky enough that I actually wouldn't even be comfortable sleeping there.,2,False,False
SHOULDVE BEEN ME NOOOOOOOOOO https://t.co/BSJgtYxWdt,2,False,False
"‚ÄòBlack-ish‚Äô stars Anthony Anderson and Tracee Ellis Ross on the show‚Äôs legacy, and when they‚Äôll be ready for a reunion https://t.co/oXVd7jUaTj https://t.co/6eIj5mb9Ef",2,False,False
"@YahooEnt: Want to live like Dolly Parton? Stay overnight on her tour bus, complete with a wig cabinet https://t.co/8Nff7MclRL https://t‚Ä¶",2,False,False
@YahooEnt: Elizabeth Olsen confirms she and Robbie Arnett 'eloped' and 'had a wedding at another time' https://t.co/3EWoBZP3Mj https://t‚Ä¶,2,False,False
Katie Thurston tries 'dating myself' after split from John Hersey: 'Endings can be beautiful' https://t.co/XVuUhtWb2u https://t.co/7BvVCsjHqk,2,False,False
Brody Jenner was 'so stoked' when MTV canceled The Hills: New Beginnings https://t.co/hmnNRgXdsl https://t.co/Clq7sygGL2,2,False,False
"@YahooEnt: Want to live like Dolly Parton? Stay overnight on her tour bus, complete with a wig cabinet https://t.co/8Nff7MclRL https://t‚Ä¶",2,False,False
@YahooEnt: Elizabeth Olsen confirms she and Robbie Arnett 'eloped' and 'had a wedding at another time' https://t.co/3EWoBZP3Mj https://t‚Ä¶,2,False,False
Cole Sprouse and Kathryn Newton to lead ‚ÄòLisa Frankenstein‚Äô from Diablo Cody script https://t.co/7TQyJDaj9L https://t.co/BZDfdRjsB2,2,False,False
@YahooEnt: Elizabeth Olsen confirms she and Robbie Arnett 'eloped' and 'had a wedding at another time' https://t.co/3EWoBZP3Mj https://t‚Ä¶,2,False,False
"@YahooEnt: Want to live like Dolly Parton? Stay overnight on her tour bus, complete with a wig cabinet https://t.co/8Nff7MclRL https://t‚Ä¶",2,False,False
Selena Gomez calls on men to ‚Äòstand up‚Äô &amp; ‚Äòspeak against‚Äô Supreme Court‚Äôs overturning of Roe v. Wade https://t.co/9nEPajK5Rc https://t.co/dO2ISfDNn4,2,False,False
"High School Musical season 3 trailer teases Summer Camp romance drama ‚Äî Plus, who will star in Frozen? https://t.co/b6f0SvbwI3 https://t.co/WrwLYMWlrM",2,False,False
"@YahooEnt: Want to live like Dolly Parton? Stay overnight on her tour bus, complete with a wig cabinet https://t.co/8Nff7MclRL https://t‚Ä¶",2,False,False
Chris Pratt says he's 'never' been to Hillsong Church: 'Really I'm not a religious person' https://t.co/aoI9mj4XZp https://t.co/aWSVmw2wln,2,False,False
@YahooEnt: Hilarie Burton shares story of abortion after pregnancy loss: 'I only have my daughter because of my abortion' https://t.co/n‚Ä¶,2,False,False
@jarodzsz: the therapy sessions: https://t.co/ol2vxVxw4H,2,False,False
@YahooEnt: Elizabeth Olsen confirms she and Robbie Arnett 'eloped' and 'had a wedding at another time' https://t.co/3EWoBZP3Mj https://t‚Ä¶,2,False,False
@YahooEnt: Elizabeth Olsen confirms she and Robbie Arnett 'eloped' and 'had a wedding at another time' https://t.co/3EWoBZP3Mj https://t‚Ä¶,2,False,False
@YahooEnt: Hilarie Burton shares story of abortion after pregnancy loss: 'I only have my daughter because of my abortion' https://t.co/n‚Ä¶,2,False,False
@YahooEnt: Hilarie Burton shares story of abortion after pregnancy loss: 'I only have my daughter because of my abortion' https://t.co/n‚Ä¶,2,False,False
Hilarie Burton shares story of abortion after pregnancy loss: 'I only have my daughter because of my abortion' https://t.co/nTjUqBxshe https://t.co/2PfSdpLRWW,2,False,False
@YahooEnt I didn't expect it to be so tacky! ü´§,2,False,False
"@YahooEnt: Want to live like Dolly Parton? Stay overnight on her tour bus, complete with a wig cabinet https://t.co/8Nff7MclRL https://t‚Ä¶",2,False,False
@YahooEnt: Kamala Harris hosts LGBTQ+ Pride event at VP residence with drag race legend Shangela https://t.co/5nTaJi3KxR https://t.co/oy‚Ä¶,2,False,False
@YahooEnt: Kamala Harris hosts LGBTQ+ Pride event at VP residence with drag race legend Shangela https://t.co/5nTaJi3KxR https://t.co/oy‚Ä¶,2,False,False
Kamala Harris hosts LGBTQ+ Pride event at VP residence with drag race legend Shangela https://t.co/5nTaJi3KxR https://t.co/oyuegagD0I,2,False,False
@dr3a_eth @DylanMeador @jgonzales19701 @Yahoo @YahooNews @YahooFinance @YahooEnt @YahooSports @YahooFantasy He‚Äôs hella good at it huh üòéüíØ,2,False,False
@DylanMeador @jgonzales19701 @lithappyadvent1 @Yahoo @YahooNews @YahooFinance @YahooEnt @YahooSports @YahooFantasy You should become a certified ens Shiller üòé,2,False,False
@DylanMeador @jgonzales19701 @Yahoo @YahooNews @YahooFinance @YahooEnt @YahooSports @YahooFantasy Y‚Äôall heard the man. Off the market üòéüëÄüíØlol,2,False,False
"@jgonzales19701 @lithappyadvent1 U know what? Ive changed my mind, email.eth isnt for sale anymore its now up for trade. We want https://t.co/1Ow6ne607I for email.eth @Yahoo @YahooNews @YahooFinance @YahooEnt @YahooSports @YahooFantasy",2,False,False
@YahooEnt: Leon Brown ‚Äî 'Sister Wives' star ‚Äî comes out as transgender in emotional post https://t.co/lZ32sv7ZSu https://t.co/ApTK7LUKpz,2,False,False
Leon Brown ‚Äî 'Sister Wives' star ‚Äî comes out as transgender in emotional post https://t.co/lZ32sv7ZSu https://t.co/ApTK7LUKpz,2,False,False
"@YahooEnt: Want to live like Dolly Parton? Stay overnight on her tour bus, complete with a wig cabinet https://t.co/8Nff7MclRL https://t‚Ä¶",2,False,False
"@YahooEnt: Want to live like Dolly Parton? Stay overnight on her tour bus, complete with a wig cabinet https://t.co/8Nff7MclRL https://t‚Ä¶",2,False,False
"Want to live like Dolly Parton? Stay overnight on her tour bus, complete with a wig cabinet https://t.co/8Nff7MclRL https://t.co/HJFHmzIefn",2,False,False
@YahooEnt: Queen Latifah on creating her own lane: 'I have not been pressured about my weight by anyone in Hollywood for quite some time‚Ä¶,2,False,False
"Neil Patrick Harris, 49, says he's embracing the 'lines' and 'wrinkles' on his face: 'I honestly feel better than I‚Äôve felt in my whole life' https://t.co/gVmWBUDOah https://t.co/V4tKFVp3O2",2,False,False
@YahooEnt: Queen Latifah on creating her own lane: 'I have not been pressured about my weight by anyone in Hollywood for quite some time‚Ä¶,2,False,False
@YahooEnt: Kristin Cavallari says she doesn't weigh herself anymore: 'I can tell how my clothes fit me' https://t.co/ip9SJhYiEE https://‚Ä¶,2,False,False
Kristin Cavallari says she doesn't weigh herself anymore: 'I can tell how my clothes fit me' https://t.co/ip9SJhYiEE https://t.co/ILV939LYkI,2,False,False
Queen Latifah on creating her own lane: 'I have not been pressured about my weight by anyone in Hollywood for quite some time' https://t.co/3Vc9sGQLNB https://t.co/Uk9gRgYRuR,2,False,False
"@YahooEnt: 'Stranger Things' star Gaten Matarazzo thinks pineapple deserves a chance as a pizza topping: 'I understand the hate, but I w‚Ä¶",2,False,False
"Luke Combs admits he's 'struggled' with weight, but he wants to get in shape to 'be around' for son https://t.co/XpBmUitjAb https://t.co/v8WDLdrzK4",2,False,False
"@YahooEnt That is cool and all, but how does this affect LeBron James‚Äô legacy?",2,False,False
"'Stranger Things' star Gaten Matarazzo thinks pineapple deserves a chance as a pizza topping: 'I understand the hate, but I want people to try it' https://t.co/OgVGOenqyv https://t.co/YZQk24o0uw",2,False,False
@YahooEnt They‚Äôre all in Puerto Rico now for MOLLY QERIM and PAUL RIVERA WEDDING!!!!!!,2,False,False
Andy Cohen twins with 8-week-old daughter Lucy in adorable selfie: 'We see each other' https://t.co/L7fq6Kg2To https://t.co/VgT6JLyQ1h,2,False,False
@YahooEnt: Adele and boyfriend Rich Paul have a glamorous date night at Kevin Love and Kate Bock's wedding https://t.co/KzxZDTZkVc https‚Ä¶,2,False,False
Miranda Lambert reveals mom Beverly is healthy after breast cancer journey: 'She's unstoppable' https://t.co/UnkotUX0tW https://t.co/iT6anWlYNO,2,False,False
@YahooEnt üíÄüö©ü§£üòÇCaption ü§°! It‚Äôs Billionaire James‚Äô for me! https://t.co/zXlBcot31p,2,False,False
"Cameron Returns From Normal Life
#CameronDiaz @YahooEnt
https://t.co/rmxCbFm7mu",2,False,False
Cara Delevingne: 'Only Murders in the Building' romance with pal Selena Gomez 'means a lot' https://t.co/z94r6vWAMh https://t.co/hiUsNbkiQx,2,False,False
@YahooEnt James Van Der Beek playing him the in the movie ?,2,False,False
Trista and Ryan Sutter talk about his horrific battle with lyme disease: 'It took over my life' https://t.co/oJ14YbCERe https://t.co/9HaSDDHgbs,2,False,False
@YahooEnt: Elizabeth Olsen confirms she and Robbie Arnett 'eloped' and 'had a wedding at another time' https://t.co/3EWoBZP3Mj https://t‚Ä¶,2,False,False
Elizabeth Olsen confirms she and Robbie Arnett 'eloped' and 'had a wedding at another time' https://t.co/3EWoBZP3Mj https://t.co/gVVQtKHWgE,2,False,False
Britney Spears' ex ordered to trial on stalking charge https://t.co/19HnRyeCYD via @YahooEnt @AP @AboutTheAP @AP_Archive @AP_GMS,2,False,False
Kate Middleton and Prince William mourn death of Deborah James: 'We are so sad' https://t.co/dTtPAJQsnn https://t.co/psbXvl994i,2,False,False
@YahooEnt: Cameron Diaz returns to acting for her first role in 8 years: 'I feel excited' https://t.co/G5HaduRpo3 https://t.co/9nBg6qd6tO,2,False,False
"Kristin Cavallari is 'happy' about her weight gain, says she's 'shocked at how thin' she once was https://t.co/c5WGEt0nqx https://t.co/pjku9CIQ6y",2,False,False
"@YahooEnt Richard was standing in front of me in the early 80s at Hollywood Park waiting to place a wager, I wanted to crack a joke but decided to respect His privacy...",2,False,False
@YahooEnt: Richard Pryor's daughter Rain says he was honest about 'his demons and his addictions' during her childhood https://t.co/wMG1‚Ä¶,2,False,False
Richard Pryor's daughter Rain says he was honest about 'his demons and his addictions' during her childhood https://t.co/wMG1v9toas https://t.co/2KtVYQIA3W,2,False,False
@jarodzsz: the therapy sessions: https://t.co/ol2vxVxw4H,2,False,False
"@YahooEnt: Lil Nas X details 'painful and strained' history with BET, says network asked if he worshiped satan https://t.co/hnpdhpUQQ9 h‚Ä¶",2,False,False
@YahooEnt: Adele and boyfriend Rich Paul have a glamorous date night at Kevin Love and Kate Bock's wedding https://t.co/KzxZDTZkVc https‚Ä¶,2,False,False
Adele and boyfriend Rich Paul have a glamorous date night at Kevin Love and Kate Bock's wedding https://t.co/KzxZDTZkVc https://t.co/rBnnSHxKee,2,False,False
@YahooEnt: Jason Kander was a rising star in the Democratic Party. Then he went on suicide watch https://t.co/XR8VRKdOnk https://t.co/Y3‚Ä¶,2,False,False
JoJo Siwa says she and girlfriend Kylie Prew are setting 'new boundaries' in rekindled relationship https://t.co/siMFRGwGHg https://t.co/x6zi32uNBZ,2,False,False
@Ctracymock @YahooEnt Whoopee is full of..... https://t.co/TwelmnieX2,2,False,False
Tessa Thompson says Valkyrie's sexuality was a 'big topic of conversation' on 'Thor: Love and Thunder' https://t.co/FdTDJ3Gy9p https://t.co/yHxA9uj9cK,2,False,False
@YahooEnt: Heidi Klum says daughter Leni is moving to N.Y.C. to grow modeling career: 'I'm excited for her' https://t.co/q4SSsCv5sb http‚Ä¶,2,False,False
"@djkevlar: Here‚Äôs @TessaThompson_x with some profound thoughts on addressing Valkyrie‚Äôs love life in #ThorLoveandThunder 

""We are not d‚Ä¶",2,False,False
Heidi Klum says daughter Leni is moving to N.Y.C. to grow modeling career: 'I'm excited for her' https://t.co/q4SSsCv5sb https://t.co/DQKQckz98I,2,False,False
@YahooEnt: R. Kelly sentenced to 30 years in prison for sex trafficking https://t.co/mVD7KMZYOl https://t.co/Lomyl1V5Dy,2,False,False
@YahooEnt: Cameron Diaz returns to acting for her first role in 8 years: 'I feel excited' https://t.co/G5HaduRpo3 https://t.co/9nBg6qd6tO,2,False,False
Cameron Diaz returns to acting for her first role in 8 years: 'I feel excited' https://t.co/G5HaduRpo3 https://t.co/9nBg6qd6tO,2,False,False
R. Kelly sentenced to 30 years in prison for sex trafficking https://t.co/mVD7KMZYOl https://t.co/Lomyl1V5Dy,2,False,False
@YahooEnt: Cameron Diaz to make acting return in Netflix movie with Jamie Foxx: 'I can't frickin wait' https://t.co/rmrGwRqK97 https://t‚Ä¶,2,False,False
Cameron Diaz to make acting return in Netflix movie with Jamie Foxx: 'I can't frickin wait' https://t.co/rmrGwRqK97 https://t.co/SeBlaS9vdZ,2,False,False
Megan Fox opened up about what she's done to support Machine Gun Kelly after his suicide attempt https://t.co/hWadPlEtrR https://t.co/aoArhtXhOO,2,False,False
Zachary Levi had a mental health 'breakdown.' Here's how 'Radical Love' helped him heal https://t.co/mrouBUC7VP https://t.co/4RUrcqUk7t,2,False,False
@YahooEnt: Fallon mocks Giuliani for overreacting to slap on the back: ‚ÄòClearly Rudy didn‚Äôt see this year‚Äôs Oscars‚Äô https://t.co/piawBAr‚Ä¶,2,False,False
@YahooEnt: Chelsea Handler slams GOP claims of being pro-life: ‚ÄòLike calling O.J. Simpson pro-wife‚Äô https://t.co/y9PwzQDkyr https://t.co‚Ä¶,2,False,False
Travis Barker hospitalized in LA as daughter asks for prayers https://t.co/zx6bZRy9zk https://t.co/sUByvKgGtY,2,False,False
@Anne_W_Strike: Who thought big events were possible after the pandemic? We possibly couldn‚Äôt underestimate a vaccine ‚Å¶@YahooEnt‚Å© ‚Å¶@Yaho‚Ä¶,2,False,False
@YahooEnt: Jason Kander was a rising star in the Democratic Party. Then he went on suicide watch https://t.co/XR8VRKdOnk https://t.co/Y3‚Ä¶,2,False,False
Who thought big events were possible after the pandemic? We possibly couldn‚Äôt underestimate a vaccine ‚Å¶@YahooEnt‚Å© ‚Å¶@YahooSports‚Å© https://t.co/G37Oa7GvuM,2,False,False
'ER' actress Mary Mara's cause of death revealed https://t.co/gu6ygFRrTH https://t.co/fLE54FKwXG,2,False,False
@YahooEnt: Sam Asghari calls marriage to Britney Spears ‚Äòa fairytale' in exclusive 'GMA' interview https://t.co/0DPkcuBXAa https://t.co/‚Ä¶,2,False,False
Sam Asghari calls marriage to Britney Spears ‚Äòa fairytale' in exclusive 'GMA' interview https://t.co/0DPkcuBXAa https://t.co/kynoR8PnI8,2,False,False
Machine Gun Kelly reveals he attempted suicide after his father's death https://t.co/jSBBMomMJv https://t.co/ob9EixRN8L,2,False,False
Travis Barker hospitalized: Everything we know so far https://t.co/oeIurFXTbr https://t.co/1L1C7WRcy6,2,False,False
"Britney Spears 'loves her new house,' says source: 'She wanted a fresh start with Sam' https://t.co/RIQaFGElwz https://t.co/xqQ41TPr6d",2,False,False
Seth Meyers shreds right-wing ‚Äògaslighting‚Äô after Roe v Wade reversal: ‚ÄòSh‚Äìtiest Jedi mind trick I‚Äôve ever seen‚Äô https://t.co/oiQtHF6uHQ https://t.co/wvipdCKKzO,2,False,False
@YahooEnt: Jason Kander was a rising star in the Democratic Party. Then he went on suicide watch https://t.co/XR8VRKdOnk https://t.co/Y3‚Ä¶,2,False,False
@YahooEnt @JasonKander That‚Äôs entertainment?,2,False,False
Cardi B confirms Kanye West and Lil Durk features on 'Hot Sh*t' https://t.co/FPHAsXVr2T https://t.co/Udha7Dc0ZN,2,False,False
@YahooEnt: Seth MacFarlane says he doesn't regret any of the politically incorrect humor in 'Ted': 'I'd make it the same way' https://t.‚Ä¶,2,False,False
"@YahooEnt @JasonKander Still a rising star. 

Having mental health struggles shouldn't be a disqualifier for elected office. 

Being unethical, corrupt, or a morally repugnant dirtbag should be. 

Unfortunately we live in a time where the latter is praised in the Republican Party.",2,False,False
"What do you do when the battlefield follows you home?  This is the question Jason Kander answers in his book, 'Invisible Storm'.  An important resource for our Veterans facing PTSD due to their service.  @iAmTheWarax @mattczeller @nixonron @KimOlsonTx @votevets https://t.co/nREUGBcPcz",2,False,False
"@YahooEnt @JasonKander Lucas Kunce will do Jason Kander‚Äôs unfinished fight. 

American people stopped a sex predator candidate from entering the US Senate in 2017, and now we can keep a #DomesticViolence man away from the Senate and #LockHimUp. 

I'm ready for this fight. #MOSen https://t.co/X128M8Qgvj",2,False,False
@YahooEnt @JasonKander in the GOP it's ok to be a criminal but not to have PTSD from serving your country.,2,False,False
@YahooEnt: Jason Kander was a rising star in the Democratic Party. Then he went on suicide watch https://t.co/XR8VRKdOnk https://t.co/Y3‚Ä¶,2,False,False
Ashley McBryde pauses tour for a few weeks due to 'personal reasons' https://t.co/gfxkAWlGqf https://t.co/C8I9t9T3fH,2,False,False
@YahooEnt Mel Brooks prided himself in offending everyone. It‚Äôs not good comedy if someone isn‚Äôt offended lol,2,False,False
Seth MacFarlane says he doesn't regret any of the politically incorrect humor in 'Ted': 'I'd make it the same way' https://t.co/MR4lSBgxiE https://t.co/2sH7N0DKtQ,2,False,False
Jason Kander was a rising star in the Democratic Party. Then he went on suicide watch https://t.co/XR8VRKdOnk https://t.co/Y3gCYLouLp,2,False,False
"@the_moviebob: I mean... this is a LITTLE whiny, but I'd have a *tiny* chip on my shoulder if EVERYONE had been taking bets on when I'd‚Ä¶",2,False,False
@YahooEnt: Alexandria Ocasio-Cortez calls out Mark Meadows for seeking pardon: 'He knew he was breaking the law' https://t.co/ZbhuYazCK7‚Ä¶,2,False,False
"@YahooEnt: Lil Nas X details 'painful and strained' history with BET, says network asked if he worshiped satan https://t.co/hnpdhpUQQ9 h‚Ä¶",2,False,False
"@YahooEnt: Lil Nas X details 'painful and strained' history with BET, says network asked if he worshiped satan https://t.co/hnpdhpUQQ9 h‚Ä¶",2,False,False
@YahooEnt They ask questions like those because they are the ones who follow @ChurchofSatan @ChurchofSatan #Satanic behaviors. They are like trump accuse the other person of what the pretend not to be. Yes. Humans need to get with the program #satan comes in all colors but mostly GREEN$$$,2,False,False
Ginger Zee responds to parenting trolls: 'Everyone‚Äôs village looks different' https://t.co/Eph3bs9EpZ https://t.co/k1Z9W78bHY,2,False,False
"@YahooEnt: Lil Nas X details 'painful and strained' history with BET, says network asked if he worshiped satan https://t.co/hnpdhpUQQ9 h‚Ä¶",2,False,False
@YahooEnt: Bill Hader and Anna Kendrick have reportedly broken up https://t.co/w5w7RUyYbf https://t.co/u0sDHE9UDk,2,False,False
@YahooEnt what about the #GhislaineMaxwell  pedo ring,2,False,False
"@YahooEnt: Lil Nas X details 'painful and strained' history with BET, says network asked if he worshiped satan https://t.co/hnpdhpUQQ9 h‚Ä¶",2,False,False
@SourceDuMal: Well he's still the worst Chris. So.,2,False,False
@YahooEnt: Whoopi Goldberg calls out Clarence Thomas on ‚ÄòThe View‚Äô: 'You better hope they don‚Äôt come for you next' https://t.co/BqDs553Y‚Ä¶,2,False,False
@YahooEnt: R. Kelly to be sentenced in sex-trafficking case: The Refresh https://t.co/7fR12YYSn6 https://t.co/3CpdnTRzpX,2,False,False
R. Kelly to be sentenced in sex-trafficking case: The Refresh https://t.co/7fR12YYSn6 https://t.co/3CpdnTRzpX,2,False,False
Alexandria Ocasio-Cortez calls out Mark Meadows for seeking pardon: 'He knew he was breaking the law' https://t.co/ZbhuYazCK7 https://t.co/dffTp9w8JQ,2,False,False
@YahooEnt: Winona Ryder says Michelle Pfeiffer gave her advice as she struggled with fame: 'I couldn't hear it' https://t.co/iPC50q2MYG‚Ä¶,2,False,False
Winona Ryder says Michelle Pfeiffer gave her advice as she struggled with fame: 'I couldn't hear it' https://t.co/iPC50q2MYG https://t.co/uYGugs6IoE,2,False,False
"@YahooEnt Great film, but let's face facts - it's no Octopussy.",2,False,False
@YahooEnt: Elvis Presley's daughter writes extremely emotional response to the release of the new 'Elvis' movie https://t.co/TgEFcPiKGt‚Ä¶,2,False,False
IN PRODUCTION | 'Barbie' (2023) | @wbpictures | $WBD | photo still provided @YahooEnt | #MovieSeason2023 https://t.co/XZElhmFIGn,2,False,False
Elvis Presley's daughter writes extremely emotional response to the release of the new 'Elvis' movie https://t.co/TgEFcPiKGt https://t.co/TQm7qfzCGE,2,False,False
@YahooEnt Thank you for sharing this,2,False,False
@YahooEnt: 'AGT' gives Willie Nelson prot√©g√© a second chance after her 'life was flipped upside-down' https://t.co/nsqvUE5iQE https://t.‚Ä¶,2,False,False
"16 new music documentaries ready to rock your world, from Machine Gun Kelly to Lil Baby https://t.co/oXwaMx9BnY https://t.co/62yvTZT42P",2,False,False
@YahooEnt: NBC to raise money for Ukraine with primetime special featuring Volodymyr Zelenskyy https://t.co/p4Art53ejz https://t.co/XmZp‚Ä¶,2,False,False
BTS's hiatus is nothing like One Direction's split - here's why https://t.co/VMKipdnFMk https://t.co/gamlJ4pFag,2,False,False
@Nymphomachy: Bro you followed Dan Crenshaw and a bunch of alt-right goons on Twitter. https://t.co/xE9f8O9UnY,2,False,False
Joey King shares her and Steven Piet's hilarious engagement story https://t.co/j41zByw9WK https://t.co/MfDg01C2UW,2,False,False
@YahooEnt: Travis Scott sued for inciting 'hazardous' crowd that led to injury at Rolling Loud 2019 https://t.co/L7iy2Y2dBL https://t.co‚Ä¶,2,False,False
Hugh Bonneville on future of ‚ÄòDownton Abbey‚Äô: 'It might be the right time to stop' https://t.co/mZdBRNRbs9 https://t.co/0ZrWKNre5F,2,False,False
"@YahooEnt: Busy Philipps, 43, says she's never had Botox, fillers: 'People have actually accused me of work' https://t.co/OFKQD8rcUx htt‚Ä¶",2,False,False
@YahooEnt Try not being the worst Chris then,2,False,False
"A timeline of the Jeffrey Epstein, Ghislaine Maxwell scandal https://t.co/GO96UbfI1N https://t.co/8rzPBcKr8V",2,False,False
@SourceDuMal: Well he's still the worst Chris. So.,2,False,False
Lauren Conrad reveals she had an ectopic pregnancy while addressing Roe v. Wade reversal https://t.co/sZW8H3Rfmj https://t.co/icSgTkyhGF,2,False,False
Margot Robbie‚Äôs viral ‚ÄòBarbie‚Äô costumes are created by Oscar-winning ‚ÄòLittle Women‚Äô costume designer https://t.co/Gwutrg1sxf https://t.co/5ICLyXXMJ7,2,False,False
Alice Cooper signs with CAA for touring in North America https://t.co/RNMzzUTq5U https://t.co/yifECdLIEL,2,False,False
"@YahooEnt: Depeche Mode co-founder Andy Fletcher's death was caused by an 'aortic dissection,' band confirms https://t.co/TqGfoSsTPf htt‚Ä¶",2,False,False
Sony dates ‚ÄòGhostbusters‚Äô sequel for 2023 https://t.co/eDB9QFsB09 https://t.co/ZhBXOAzA3g,2,False,False
@Nymphomachy: Bro you followed Dan Crenshaw and a bunch of alt-right goons on Twitter.,2,False,False
"Vince Neil documentary details drugs, death, debauchery and 'a lot of heart, soul and love' https://t.co/ynZa6KtRh1 https://t.co/EnVfLzBuxl",2,False,False
@YahooEnt: Johnny Depp's rep denies report that actor is returning to Pirates franchise https://t.co/ClkyHj5jO8 https://t.co/ZGkgW0vhBG,2,False,False
Troian Bellisario on giving birth in a car: 'I was mentally on a different planet' https://t.co/q6oxRYsVlH https://t.co/T3aHOpmbDl,2,False,False
@jarodzsz: the therapy sessions: https://t.co/ol2vxVxw4H,2,False,False
@YahooEnt: Mandy Moore cancels remainder of 2022 tour dates amid pregnancy to focus on health and family https://t.co/ZCd3Uwr0Vu https:/‚Ä¶,2,False,False
Mandy Moore cancels remainder of 2022 tour dates amid pregnancy to focus on health and family https://t.co/ZCd3Uwr0Vu https://t.co/RGd8XBP0OT,2,False,False
"@the_moviebob: I mean... this is a LITTLE whiny, but I'd have a *tiny* chip on my shoulder if EVERYONE had been taking bets on when I'd‚Ä¶",2,False,False
"@the_moviebob: I mean... this is a LITTLE whiny, but I'd have a *tiny* chip on my shoulder if EVERYONE had been taking bets on when I'd‚Ä¶",2,False,False
Billie Eilish says she felt 'trapped' in her public persona and changed it to 'f‚Äî with everyone' https://t.co/Ukkbmb0PTQ https://t.co/ylsXDWXVBW,2,False,False
@YahooEnt: 'AGT' gives Willie Nelson prot√©g√© a second chance after her 'life was flipped upside-down' https://t.co/nsqvUE5iQE https://t.‚Ä¶,2,False,False
"@the_moviebob: I mean... this is a LITTLE whiny, but I'd have a *tiny* chip on my shoulder if EVERYONE had been taking bets on when I'd‚Ä¶",2,False,False
"Depeche Mode co-founder Andy Fletcher's death was caused by an 'aortic dissection,' band confirms https://t.co/TqGfoSsTPf https://t.co/gUIidb8jsU",2,False,False
@YahooEnt And yet there are so many other ways to stop that from happening other than using abortion as birth control. And why does this not surprise me coming from her.,2,False,False
Jemele Hill opens up about getting an abortion at 26: 'I simply had no desire to give birth to a child' https://t.co/pJ1OBdqM1j https://t.co/jqE4mkrX6r,2,False,False
"@the_moviebob: I mean... this is a LITTLE whiny, but I'd have a *tiny* chip on my shoulder if EVERYONE had been taking bets on when I'd‚Ä¶",2,False,False
"Travis Barker hospitalized in Los Angeles, wife Kourtney Kardashian by his side: Report https://t.co/SR74p1cqPq https://t.co/jpHeQjmLvo",2,False,False
"@voretaq7: If you don't want to be called ""the worst Chris"" maybe don't actively work your ass off at being the worst Chris?

Like I get‚Ä¶",2,False,False
@RobbBeaux: Y‚Äôall act like this man got shot by a rival gang üò≠üò≠üò≠üò≠,2,False,False
Charli D'Amelio is dating Travis Barker's son Landon Barker https://t.co/h10cznwYVR https://t.co/R75Wsggqap,2,False,False
@YahooEnt: Whoopi Goldberg calls out Clarence Thomas on ‚ÄòThe View‚Äô: 'You better hope they don‚Äôt come for you next' https://t.co/BqDs553Y‚Ä¶,2,False,False
Bill Hader and Anna Kendrick have reportedly broken up https://t.co/w5w7RUyYbf https://t.co/u0sDHE9UDk,2,False,False
"Nikita Dragun on her bipolar diagnosis, Pride and clapping back at critics: 'I've dealt with negative comments my entire life' https://t.co/tOsjBrO4jI https://t.co/WWSwfRDgH6",2,False,False
"@YahooEnt: Lil Nas X details 'painful and strained' history with BET, says network asked if he worshiped satan https://t.co/hnpdhpUQQ9 h‚Ä¶",2,False,False
"@YahooEnt Way to make this article unnecessarily ultra woke üôÑ

Sometimes its just cringe.",2,False,False
"Lil Nas X details 'painful and strained' history with BET, says network asked if he worshiped satan https://t.co/hnpdhpUQQ9 https://t.co/YTEiMeqBPQ",2,False,False
@YahooEnt: Halloween is coming early this year! Watch the first 'Hocus Pocus 2' trailer here https://t.co/7wqh16yzUm https://t.co/li5yrs‚Ä¶,2,False,False
@YahooEnt: The long-awaited sequel to the 1993 box office disappointment-turned-annual tradition is here! Get a first look at the Hocus‚Ä¶,2,False,False
"@YahooEnt: Ariana DeBose, Troy Kotsur, Billie Eilish among 397 invited to join Oscars Academy https://t.co/bQ2IRg04ie https://t.co/nDatj‚Ä¶",2,False,False
"@YahooEnt: Ariana DeBose, Troy Kotsur, Billie Eilish among 397 invited to join Oscars Academy https://t.co/bQ2IRg04ie https://t.co/nDatj‚Ä¶",2,False,False
"Ariana DeBose, Troy Kotsur, Billie Eilish among 397 invited to join Oscars Academy https://t.co/bQ2IRg04ie https://t.co/nDatjNqdNN",2,False,False
"@YahooEnt: Princess Diana ‚ÄòPanorama‚Äô interview: BBC apologizes, pays whistleblower Mark Killick ‚Äòsignificant sum‚Äô https://t.co/V5kDqaEJd‚Ä¶",2,False,False
"Princess Diana ‚ÄòPanorama‚Äô interview: BBC apologizes, pays whistleblower Mark Killick ‚Äòsignificant sum‚Äô https://t.co/V5kDqaEJde https://t.co/EpLNLxqYqk",2,False,False
'AGT' gives Willie Nelson prot√©g√© a second chance after her 'life was flipped upside-down' https://t.co/nsqvUE5iQE https://t.co/80ek3iiJLD,2,False,False
"@YahooEnt: Busy Philipps, 43, says she's never had Botox, fillers: 'People have actually accused me of work' https://t.co/OFKQD8rcUx htt‚Ä¶",2,False,False
@YahooEnt: The truth about Johnny Depp's rumored $300 million Pirates of the Caribbean return https://t.co/NPhOjcQCBZ https://t.co/XPLS9‚Ä¶,2,False,False
@YahooEnt: Johnny Depp's rep denies report that actor is returning to Pirates franchise https://t.co/ClkyHj5jO8 https://t.co/ZGkgW0vhBG,2,False,False
@YahooEnt: Bruce Willis and his daughter Evelyn howl along with their dog in adorable video https://t.co/XmiB2SG6Pp https://t.co/vQhi8kV‚Ä¶,2,False,False
@YahooEnt: ‚ÄòTrue Detective‚Äô season 4 at HBO casts Kali Reis in lead role opposite Jodie Foster https://t.co/QRYsbcrxk4 https://t.co/KLRR‚Ä¶,2,False,False
"Busy Philipps, 43, says she's never had Botox, fillers: 'People have actually accused me of work' https://t.co/OFKQD8rcUx https://t.co/ZIZqqjcxc1",2,False,False
"yeah, don't https://t.co/47W9ArUCVB",2,False,False
Howard Stern V. Supreme Court: Radio jock says he might run for president following Roe overturn https://t.co/MMyUWGtDi0 https://t.co/k4vLbLgPN9,2,False,False
@californiabarby: Oh my god shut up about it already. It was one stupid poll against 3 really hot guys and the whining about it from him‚Ä¶,2,False,False
Maybe he shouldn't be the worst Chris then... Has he considered that? https://t.co/1Nz4peG4N1,2,False,False
@Nymphomachy: Bro you followed Dan Crenshaw and a bunch of alt-right goons on Twitter.,2,False,False
"@the_moviebob: I mean... this is a LITTLE whiny, but I'd have a *tiny* chip on my shoulder if EVERYONE had been taking bets on when I'd‚Ä¶",2,False,False
"@YahooEnt: Cardi B teases new song, ‚ÄòHot Sh‚Äì,‚Äô dropping Friday https://t.co/68hCXw8hOm https://t.co/phPlhlyVOd",2,False,False
@YahooEnt: ‚ÄòTrue Detective‚Äô season 4 at HBO casts Kali Reis in lead role opposite Jodie Foster https://t.co/QRYsbcrxk4 https://t.co/KLRR‚Ä¶,2,False,False
@YahooEnt: ‚ÄòTrue Detective‚Äô season 4 at HBO casts Kali Reis in lead role opposite Jodie Foster https://t.co/QRYsbcrxk4 https://t.co/KLRR‚Ä¶,2,False,False
‚ÄòTrue Detective‚Äô season 4 at HBO casts Kali Reis in lead role opposite Jodie Foster https://t.co/QRYsbcrxk4 https://t.co/KLRR2PnsqJ,2,False,False
"@the_moviebob: I mean... this is a LITTLE whiny, but I'd have a *tiny* chip on my shoulder if EVERYONE had been taking bets on when I'd‚Ä¶",2,False,False
@NMJMRedux: Has he tried not being the worst?,2,False,False
"Miranda Cosgrove on balancing adult ‚ÄòiCarly‚Äô reboot for old and new viewers, life as a child actor https://t.co/HomYO0nZX9 https://t.co/visnT5YdyK",2,False,False
@Nymphomachy: Bro you followed Dan Crenshaw and a bunch of alt-right goons on Twitter.,2,False,False
NBC to raise money for Ukraine with primetime special featuring Volodymyr Zelenskyy https://t.co/p4Art53ejz https://t.co/XmZpDil19D,2,False,False
thog don't caare https://t.co/8FoZmMTUlp,2,False,False
@Writer_App: I don‚Äôt understand why this is newsworthy. Pratt has the money and resources to shield himself from social media that a lot‚Ä¶,2,False,False
@Nymphomachy: Bro you followed Dan Crenshaw and a bunch of alt-right goons on Twitter.,2,False,False
@YahooEnt: Bruce Willis and his daughter Evelyn howl along with their dog in adorable video https://t.co/XmiB2SG6Pp https://t.co/vQhi8kV‚Ä¶,2,False,False
Ricky Martin shares rare photo of teenage son Matteo https://t.co/pA8ankLxFz https://t.co/KazGp5FLIc,2,False,False
Bruce Willis and his daughter Evelyn howl along with their dog in adorable video https://t.co/XmiB2SG6Pp https://t.co/vQhi8kVqHP,2,False,False
Selena Gomez speaks out against Roe v. Wade reversal at ‚ÄòOnly Murders in the Building‚Äô premiere: ‚ÄòI‚Äôm just not happy‚Äô https://t.co/7OHyLpUope https://t.co/WfiSj0f8HZ,2,False,False
@Nymphomachy: Bro you followed Dan Crenshaw and a bunch of alt-right goons on Twitter.,2,False,False
"If you don't want to be called ""the worst Chris"" maybe don't actively work your ass off at being the worst Chris?

Like I get it, pulling ahead of Pine or Hemsworth is going to be a struggle, but by just not actively trying to suck you can be a mid-range Chris, not the worst... https://t.co/ukJaUsFgoK",2,False,False
Jason Momoa's kids support him as he's named UNEP Advocate for Life Below Water: 'Papa loves you' https://t.co/IxRamzcJUP https://t.co/PkPUytfBVY,2,False,False
@Nymphomachy: Bro you followed Dan Crenshaw and a bunch of alt-right goons on Twitter.,2,False,False
@Nymphomachy: Bro you followed Dan Crenshaw and a bunch of alt-right goons on Twitter.,2,False,False
@Nymphomachy: Bro you followed Dan Crenshaw and a bunch of alt-right goons on Twitter.,2,False,False
@Nymphomachy: Bro you followed Dan Crenshaw and a bunch of alt-right goons on Twitter.,2,False,False
@Nymphomachy: Bro you followed Dan Crenshaw and a bunch of alt-right goons on Twitter.,2,False,False
DeVon Franklin advises couples to 'resist the temptation to place blame' after divorce from Meagan Good https://t.co/pnyej8JNyo https://t.co/XqyOe7eFy6,2,False,False
@YahooEnt Stop being a right wing chud then.,2,False,False
@Nymphomachy: Bro you followed Dan Crenshaw and a bunch of alt-right goons on Twitter.,2,False,False
"""STOP CALLING MY AN ASSHOLE!"" Pleads man who refuses stop being an asshole... https://t.co/gDiqu6CQ0U",2,False,False
@Nymphomachy: Bro you followed Dan Crenshaw and a bunch of alt-right goons on Twitter.,2,False,False
@Nymphomachy: Bro you followed Dan Crenshaw and a bunch of alt-right goons on Twitter.,2,False,False
@Nymphomachy: Bro you followed Dan Crenshaw and a bunch of alt-right goons on Twitter.,2,False,False
This is some shit only the worst Chris would say. https://t.co/QHaXN1m2wZ,2,False,False
@Nymphomachy: Bro you followed Dan Crenshaw and a bunch of alt-right goons on Twitter.,2,False,False
Kendall Jenner and Devin Booker were spotted looking all kinds of cozy post-breakup https://t.co/29MKtrmAXx https://t.co/cSOEwX1czZ,2,False,False
Kris Jenner honors Khlo√© Kardashian at her 38th birthday party: 'You are the queen of our family' https://t.co/DqhSGA4mwP https://t.co/6xXuMuI5MV,2,False,False
"Nobody fucking cares, my guy. You shouldn‚Äôt suck as a human being. https://t.co/MgKEfprNhQ",2,False,False
@DarrenHayes talks with @YahooEnt about his new single ‚ÄúPoison Blood.‚Äù He describes @LilNasX as one of the ‚Äúincredible pioneers‚Ä¶‚Äù https://t.co/5CI7EUcUsG,2,False,False
"@YahooEnt Yeah Samuel Jackson is showing everyone he‚Äôs a total racist.  Anytime you single out someone based on race and you say they are at fault for being different from you, well folks you are a racist.   Apparently you can‚Äôt be free to choose with Snapping Samuel Jackson‚Ä¶‚Ä¶..",2,False,False
Alabama teen thought she had more time before abortion ban took effect: 'I just started crying' https://t.co/KgjxavKILk https://t.co/jdGpBwxgd2,2,False,False
@YahooEnt Finally a good article that isn't being fed to us by Steven Timmur and Lima Jevremovic,2,False,False
@YahooEnt: Nikki Boyd says husband Bam Margera left rehab to be a better dad before finding new clinic https://t.co/yswco92E3h https://t‚Ä¶,2,False,False
cry harder https://t.co/n3FzdIrFZD,2,False,False
Chelsea Handler slams GOP claims of being pro-life: ‚ÄòLike calling O.J. Simpson pro-wife‚Äô https://t.co/y9PwzQDkyr https://t.co/x1Rw7szEaa,2,False,False
@californiabarby: Oh my god shut up about it already. It was one stupid poll against 3 really hot guys and the whining about it from him‚Ä¶,2,False,False
@AGTVegasLive: See how @SofiaVergara‚Äôs Golden Buzzer @AGT act was inspired by @_nightbirde! #AGT #AGTauditions,2,False,False
@YahooEnt has he considered trying to not be the worst chris,2,False,False
Be a better Chris. https://t.co/AHoZS6Tldf,2,False,False
"I know there are other things going on in the news cycle right now, but if you want to read a really powerful and  inspiring #PrideMonth interview, this  @yahooent conversation with @darrenhayes (ex-Savage Garden) is pretty great.

https://t.co/hKC1Xmg5Yg",2,False,False
@whatsbrakebills: and I'm really fucking bothered that your church supports conversion therapy so I guess we're even??,2,False,False
@YahooEnt The view is pure simpleton propaganda.,2,False,False
@SourceDuMal: Well he's still the worst Chris. So.,2,False,False
@SourceDuMal: Well he's still the worst Chris. So.,2,False,False
@Nymphomachy: Bro you followed Dan Crenshaw and a bunch of alt-right goons on Twitter.,2,False,False
Has he tried not being the worst? https://t.co/TeRBCA1bZq,2,False,False
Oh my god shut up about it already. It was one stupid poll against 3 really hot guys and the whining about it from him and his stupid rich friends only solidified how he‚Äôs the woooorst. https://t.co/3O1loMUDJB,2,False,False
"Well Chris, you totally have the option of being a better fucking person if it bothers you that much. https://t.co/TrM1SAMLOi",2,False,False
He should try not being the worst then. https://t.co/Qy8ltm0vCi,2,False,False
Lol y'all be killing this man üòÇ https://t.co/l0iLRGI0Eu,2,False,False
Chris Pine laughing right now. https://t.co/9xf4sMOU3y,2,False,False
@YahooEnt: James Corden voices ‚Äòdisgust and anger‚Äô at Supreme Court for overturning Roe v. Wade https://t.co/q9bbg2wkCo https://t.co/DLD‚Ä¶,2,False,False
@SourceDuMal: Well he's still the worst Chris. So.,2,False,False
"@the_moviebob: I mean... this is a LITTLE whiny, but I'd have a *tiny* chip on my shoulder if EVERYONE had been taking bets on when I'd‚Ä¶",2,False,False
Well he's still the worst Chris. So. https://t.co/GTsJ2uXt0L,2,False,False
James Corden voices ‚Äòdisgust and anger‚Äô at Supreme Court for overturning Roe v. Wade https://t.co/q9bbg2wkCo https://t.co/DLDg3LpDgr,2,False,False
Good https://t.co/3OJ2V30dZW,2,False,False
@YahooEnt: WWE anchor Kayla Braxton reveals she was a 'product of rape' as she defends women's right to choose https://t.co/5adr443MU8 h‚Ä¶,2,False,False
@semanitheharlot: Good. Fuck him,2,False,False
"@the_moviebob: I mean... this is a LITTLE whiny, but I'd have a *tiny* chip on my shoulder if EVERYONE had been taking bets on when I'd‚Ä¶",2,False,False
@Nymphomachy: Bro you followed Dan Crenshaw and a bunch of alt-right goons on Twitter.,2,False,False
"@the_moviebob: I mean... this is a LITTLE whiny, but I'd have a *tiny* chip on my shoulder if EVERYONE had been taking bets on when I'd‚Ä¶",2,False,False
"@the_moviebob: I mean... this is a LITTLE whiny, but I'd have a *tiny* chip on my shoulder if EVERYONE had been taking bets on when I'd‚Ä¶",2,False,False
@ReinH: maybe be a better Chris then idk,2,False,False
WWE anchor Kayla Braxton reveals she was a 'product of rape' as she defends women's right to choose https://t.co/5adr443MU8 https://t.co/jYJc9bbzFD,2,False,False
@semanitheharlot: Good. Fuck him,2,False,False
"@YahooEnt No way there's a real guy out there named ""Chad Veach"" https://t.co/DIB3lk2qeO",2,False,False
"@YahooEnt: Chris Pratt says social media criticism, including 'worst Chris' title, 'really f***ing bothered me' https://t.co/oFJDG7JnXk‚Ä¶",2,False,False
Good. Fuck him https://t.co/4BloAg4gJq,2,False,False
@ReinH: maybe be a better Chris then idk,2,False,False
@YahooEnt: Samuel L. Jackson slams ‚ÄòUncle Clarence‚Äô Thomas for hypocrisy on interracial marriage https://t.co/tbF9V3vjay https://t.co/PF‚Ä¶,2,False,False
"@ingloriousgigi: Now, you might a tiny inkling how it feels to be LGBTQ+ in a country that does not give a fuck about you. Cry me a rive‚Ä¶",2,False,False
Cry about it you asshat https://t.co/ZYffDTizG6,2,False,False
"@FrackoffF and @Yahoo @YahooNews @YahooEnt @JamesGunn @prattprattpratt 

Check your news accuracy Yahoo and others.

https://t.co/xCUBsGhyVz

Just a few words from GOTG director himself.

Can we put this to bed just because Thor 4 is coming?",2,False,False
"@YahooEnt Damn, I wanted him to cry about it.",2,False,False
@YahooEnt Bold move to have the worst James defend the worst Chris,2,False,False
I don‚Äôt understand why this is newsworthy. Pratt has the money and resources to shield himself from social media that a lot of people don‚Äôt. https://t.co/gj2mKUhL5X,2,False,False
"@YahooEnt Maybe he should work on that.
https://t.co/T9kPifuQo5",2,False,False
Samuel L. Jackson slams ‚ÄòUncle Clarence‚Äô Thomas for hypocrisy on interracial marriage https://t.co/tbF9V3vjay https://t.co/PF8BOCqQUT,2,False,False
"@YahooEnt Must be incredibly challenging to be Chris Pratt.

Like, as you walk through your mansion to the pool after spending an hour with your trainer in your gym, anticipating your chef prepared meal you're forced to read mean things on the internet that totally mess up your vibe.

ü§óüôÑ",2,False,False
@Nymphomachy: Bro you followed Dan Crenshaw and a bunch of alt-right goons on Twitter.,2,False,False
@Nymphomachy: Bro you followed Dan Crenshaw and a bunch of alt-right goons on Twitter.,2,False,False
@Nymphomachy: Bro you followed Dan Crenshaw and a bunch of alt-right goons on Twitter.,2,False,False
"Not bothered enough support LGBT+ rights though eh Chris?

(Pretty great that online criticism at least caused a bit of pain for the extremely rich man though). https://t.co/r7DQW75Oc0",2,False,False
"Good. I hope he feels bad, in general. https://t.co/Uk7u96iZL3",2,False,False
Lmfao THATS why https://t.co/LMzroMrJyZ https://t.co/P0vh20a9tR,2,False,False
@Nymphomachy: Bro you followed Dan Crenshaw and a bunch of alt-right goons on Twitter.,2,False,False
@Nymphomachy: Bro you followed Dan Crenshaw and a bunch of alt-right goons on Twitter.,2,False,False
It‚Äôs not that it‚Äôs out of reach either. It is possible to be a better Chris. https://t.co/jUV0NSDTJq,2,False,False
"@the_moviebob: I mean... this is a LITTLE whiny, but I'd have a *tiny* chip on my shoulder if EVERYONE had been taking bets on when I'd‚Ä¶",2,False,False
